client_id	birth_number	birth_date	age	gender	city	region	district_id	customer_type	bank_name	branch_id	source_system	load_batch_id
200000	695201/350	1969-02-01	56	F	Pune	North	10	Employee	HDFC Bank	1350	ABS_CORE	ABS_2026_04_25
200001	560324/792	1956-03-24	69	M	Kolhapur	East	30	Unknown	HDFC Bank	1648	ABS_CORE	ABS_2026_04_25
200002	795903/132	1979-09-03	46	F	Pune	West	40	Business	HDFC Bank	1798	ABS_CORE	ABS_2026_04_25
200003	930207/617	1993-02-07	32	M	Pune	West	40	Individual	HDFC Bank	1900	ABS_CORE	ABS_2026_04_25
200004	690118/833	1969-01-18	56	M	Kolhapur	East	30	Business	HDFC Bank	1227	ABS_CORE	ABS_2026_04_25
200005	006218/325	2000-12-18	25	F	Pune	North	10	Business	HDFC Bank	1015	ABS_CORE	ABS_2026_04_25
200006	471009/877	1947-10-09	78	M	Kolhapur	North	10	Business	HDFC Bank	1809	ABS_CORE	ABS_2026_04_25
200007	875323/448	1987-03-23	38	F	Pune	North	10	Business	HDFC Bank	1424	ABS_CORE	ABS_2026_04_25
200008	695307/204	1969-03-07	56	F	Solapur	West	40	Business	HDFC Bank	1463	ABS_CORE	ABS_2026_04_25
200009	505704/967	1950-07-04	75	F	Mumbai	South	20	Individual	HDFC Bank	1723	ABS_CORE	ABS_2026_04_25
200010	891009/847	1989-10-09	36	M	Kolhapur	West	40	Individual	HDFC Bank	1245	ABS_CORE	ABS_2026_04_25
200011	855904/180	1985-09-04	40	F	Pune	East	30	Business	HDFC Bank	1797	ABS_CORE	ABS_2026_04_25
200012	975527/691	1997-05-27	28	F	Solapur	North	10	Individual	HDFC Bank	1793	ABS_CORE	ABS_2026_04_25
200013	971203/777	1997-12-03	28	M	Mumbai	South	20	Individual	HDFC Bank	1176	ABS_CORE	ABS_2026_04_25
200014	840503/987	1984-05-03	41	M	Unknown	North	10	Employee	HDFC Bank	1542	ABS_CORE	ABS_2026_04_25
200015	555709/750	1955-07-09	70	F	Mumbai	West	40	Business	HDFC Bank	1508	ABS_CORE	ABS_2026_04_25
200016	725606/463	1972-06-06	53	F	Kolhapur	South	20	Individual	HDFC Bank	1561	ABS_CORE	ABS_2026_04_25
200017	681109/723	1968-11-09	57	M	Mumbai	South	20	Individual	HDFC Bank	1654	ABS_CORE	ABS_2026_04_25
200018	840318/267	1984-03-18	41	M	Nagpur	West	40	Business	HDFC Bank	1563	ABS_CORE	ABS_2026_04_25
200019	050709/801	2005-07-09	20	M	Unknown	North	10	Employee	HDFC Bank	1232	ABS_CORE	ABS_2026_04_25
200020	860108/924	1986-01-08	39	M	Nagpur	North	10	Business	HDFC Bank	1677	ABS_CORE	ABS_2026_04_25
200021	550709/316	1955-07-09	70	M	Kolhapur	North	10	Employee	HDFC Bank	1037	ABS_CORE	ABS_2026_04_25
200022	061211/771	2006-12-11	19	M	Kolhapur	West	40	Business	HDFC Bank	1490	ABS_CORE	ABS_2026_04_25
200023	845721/246	1984-07-21	41	F	Mumbai	East	30	Business	HDFC Bank	1443	ABS_CORE	ABS_2026_04_25
200024	645308/864	1964-03-08	61	F	Solapur	East	30	Business	HDFC Bank	1019	ABS_CORE	ABS_2026_04_25
200025	785719/470	1978-07-19	47	F	Pune	North	10	Business	HDFC Bank	1610	ABS_CORE	ABS_2026_04_25
200026	705317/193	1970-03-17	55	F	Nashik	South	20	Employee	HDFC Bank	1726	ABS_CORE	ABS_2026_04_25
200027	060128/256	2006-01-28	19	M	Pune	East	30	Employee	HDFC Bank	1555	ABS_CORE	ABS_2026_04_25
200028	485326/710	1948-03-26	77	F	Solapur	North	10	Unknown	HDFC Bank	1110	ABS_CORE	ABS_2026_04_25
200029	875713/641	1987-07-13	38	F	Kolhapur	East	30	Business	HDFC Bank	1486	ABS_CORE	ABS_2026_04_25
200030	750928/796	1975-09-28	50	M	Unknown	North	10	Employee	HDFC Bank	1088	ABS_CORE	ABS_2026_04_25
200031	965222/887	1996-02-22	29	F	Nagpur	East	30	Employee	HDFC Bank	1318	ABS_CORE	ABS_2026_04_25
200032	505604/545	1950-06-04	75	F	Kolhapur	East	30	Employee	HDFC Bank	1117	ABS_CORE	ABS_2026_04_25
200033	865801/612	1986-08-01	39	F	Kolhapur	South	20	Business	HDFC Bank	1433	ABS_CORE	ABS_2026_04_25
200034	470317/991	1947-03-17	78	M	Mumbai	South	20	Individual	HDFC Bank	1917	ABS_CORE	ABS_2026_04_25
200035	640527/256	1964-05-27	61	M	Solapur	East	30	Employee	HDFC Bank	1238	ABS_CORE	ABS_2026_04_25
200036	830318/713	1983-03-18	42	M	Mumbai	North	10	Business	HDFC Bank	1071	ABS_CORE	ABS_2026_04_25
200037	590801/471	1959-08-01	66	M	Mumbai	South	20	Employee	HDFC Bank	1821	ABS_CORE	ABS_2026_04_25
200038	810508/346	1981-05-08	44	M	Pune	West	40	Employee	HDFC Bank	1904	ABS_CORE	ABS_2026_04_25
200039	491003/849	1949-10-03	76	M	Unknown	South	20	Individual	HDFC Bank	1398	ABS_CORE	ABS_2026_04_25
200040	660225/231	1966-02-25	59	M	Solapur	East	30	Employee	HDFC Bank	1815	ABS_CORE	ABS_2026_04_25
200041	800818/371	1980-08-18	45	M	Mumbai	East	30	Employee	HDFC Bank	1403	ABS_CORE	ABS_2026_04_25
200042	481014/652	1948-10-14	77	M	Nagpur	West	40	Business	HDFC Bank	1674	ABS_CORE	ABS_2026_04_25
200043	921223/830	1992-12-23	33	M	Nashik	South	20	Business	HDFC Bank	1250	ABS_CORE	ABS_2026_04_25
200044	935722/548	1993-07-22	32	F	Solapur	East	30	Individual	HDFC Bank	1868	ABS_CORE	ABS_2026_04_25
200045	460915/353	1946-09-15	79	M	Pune	West	40	Business	HDFC Bank	1194	ABS_CORE	ABS_2026_04_25
200046	460211/702	1946-02-11	79	M	Solapur	West	40	Business	HDFC Bank	1571	ABS_CORE	ABS_2026_04_25
200047	610419/107	1961-04-19	64	M	Kolhapur	North	10	Individual	HDFC Bank	1609	ABS_CORE	ABS_2026_04_25
200048	461221/334	1946-12-21	79	M	Pune	South	20	Employee	HDFC Bank	1929	ABS_CORE	ABS_2026_04_25
200049	575128/172	1957-01-28	68	F	Nashik	South	20	Individual	HDFC Bank	1867	ABS_CORE	ABS_2026_04_25
200050	645409/319	1964-04-09	61	F	Nagpur	South	20	Business	HDFC Bank	1866	ABS_CORE	ABS_2026_04_25
200051	535324/348	1953-03-24	72	F	Mumbai	East	30	Individual	HDFC Bank	1584	ABS_CORE	ABS_2026_04_25
200052	565826/294	1956-08-26	69	F	Solapur	West	40	Employee	HDFC Bank	1221	ABS_CORE	ABS_2026_04_25
200053	515222/462	1951-02-22	74	F	Pune	North	10	Individual	HDFC Bank	1630	ABS_CORE	ABS_2026_04_25
200054	050715/789	2005-07-15	20	M	Nashik	South	20	Business	HDFC Bank	1181	ABS_CORE	ABS_2026_04_25
200055	711104/512	1971-11-04	54	M	Mumbai	North	10	Business	HDFC Bank	1895	ABS_CORE	ABS_2026_04_25
200056	570626/354	1957-06-26	68	M	Nashik	North	10	Individual	HDFC Bank	1729	ABS_CORE	ABS_2026_04_25
200057	955418/243	1995-04-18	30	F	Nagpur	West	40	Employee	HDFC Bank	1255	ABS_CORE	ABS_2026_04_25
200058	875309/355	1987-03-09	38	F	Mumbai	South	20	Individual	HDFC Bank	1907	ABS_CORE	ABS_2026_04_25
200059	990215/151	1999-02-15	26	M	Mumbai	North	10	Employee	HDFC Bank	1087	ABS_CORE	ABS_2026_04_25
200060	660927/195	1966-09-27	59	M	Mumbai	South	20	Employee	HDFC Bank	1872	ABS_CORE	ABS_2026_04_25
200061	905406/597	1990-04-06	35	F	Pune	South	20	Individual	HDFC Bank	1786	ABS_CORE	ABS_2026_04_25
200062	045428/160	2004-04-28	21	F	Mumbai	South	20	Employee	HDFC Bank	1491	ABS_CORE	ABS_2026_04_25
200063	835701/371	1983-07-01	42	F	Nashik	North	10	Business	HDFC Bank	1335	ABS_CORE	ABS_2026_04_25
200064	485810/813	1948-08-10	77	F	Pune	West	40	Individual	HDFC Bank	1537	ABS_CORE	ABS_2026_04_25
200065	945922/258	1994-09-22	31	F	Mumbai	West	40	Employee	HDFC Bank	1406	ABS_CORE	ABS_2026_04_25
200066	580507/693	1958-05-07	67	M	Nashik	North	10	Business	HDFC Bank	1632	ABS_CORE	ABS_2026_04_25
200067	505902/158	1950-09-02	75	F	Nashik	East	30	Individual	HDFC Bank	1288	ABS_CORE	ABS_2026_04_25
200068	991016/158	1999-10-16	26	M	Solapur	South	20	Business	HDFC Bank	1361	ABS_CORE	ABS_2026_04_25
200069	820228/170	1982-02-28	43	M	Nashik	South	20	Business	HDFC Bank	1440	ABS_CORE	ABS_2026_04_25
200070	550222/513	1955-02-22	70	M	Kolhapur	West	40	Business	HDFC Bank	1029	ABS_CORE	ABS_2026_04_25
200071	061008/734	2006-10-08	19	M	Unknown	North	10	Employee	HDFC Bank	1918	ABS_CORE	ABS_2026_04_25
200072	885722/367	1988-07-22	37	F	Mumbai	North	10	Individual	HDFC Bank	1713	ABS_CORE	ABS_2026_04_25
200073	806123/344	1980-11-23	45	F	Unknown	East	30	Individual	HDFC Bank	1893	ABS_CORE	ABS_2026_04_25
200074	615705/568	1961-07-05	64	F	Mumbai	East	30	Employee	HDFC Bank	1547	ABS_CORE	ABS_2026_04_25
200075	485201/736	1948-02-01	77	F	Unknown	West	40	Unknown	HDFC Bank	1636	ABS_CORE	ABS_2026_04_25
200076	010203/618	2001-02-03	24	M	Nashik	East	30	Business	HDFC Bank	1222	ABS_CORE	ABS_2026_04_25
200077	640312/350	1964-03-12	61	M	Mumbai	East	30	Individual	HDFC Bank	1746	ABS_CORE	ABS_2026_04_25
200078	475506/953	1947-05-06	78	F	Kolhapur	North	10	Employee	HDFC Bank	1123	ABS_CORE	ABS_2026_04_25
200079	001210/783	2000-12-10	25	M	Pune	North	10	Business	HDFC Bank	1981	ABS_CORE	ABS_2026_04_25
200080	610910/999	1961-09-10	64	M	Pune	East	30	Employee	HDFC Bank	1682	ABS_CORE	ABS_2026_04_25
200081	730504/860	1973-05-04	52	M	Nagpur	West	40	Business	HDFC Bank	1997	ABS_CORE	ABS_2026_04_25
200082	945309/719	1994-03-09	31	F	Solapur	East	30	Business	HDFC Bank	1961	ABS_CORE	ABS_2026_04_25
200083	941211/803	1994-12-11	31	M	Nagpur	West	40	Individual	HDFC Bank	1692	ABS_CORE	ABS_2026_04_25
200084	725517/357	1972-05-17	53	F	Mumbai	East	30	Business	HDFC Bank	1214	ABS_CORE	ABS_2026_04_25
200085	585103/949	1958-01-03	67	F	Mumbai	North	10	Employee	HDFC Bank	1117	ABS_CORE	ABS_2026_04_25
200086	905101/889	1990-01-01	35	F	Mumbai	North	10	Individual	HDFC Bank	1226	ABS_CORE	ABS_2026_04_25
200087	041109/859	2004-11-09	21	M	Solapur	West	40	Employee	HDFC Bank	1890	ABS_CORE	ABS_2026_04_25
200088	065923/674	2006-09-23	19	F	Unknown	East	30	Business	HDFC Bank	1443	ABS_CORE	ABS_2026_04_25
200089	460203/658	1946-02-03	79	M	Solapur	East	30	Employee	HDFC Bank	1548	ABS_CORE	ABS_2026_04_25
200090	020619/540	2002-06-19	23	M	Unknown	West	40	Unknown	HDFC Bank	1828	ABS_CORE	ABS_2026_04_25
200091	545110/915	1954-01-10	71	F	Nashik	East	30	Business	HDFC Bank	1607	ABS_CORE	ABS_2026_04_25
200092	660112/798	1966-01-12	59	M	Unknown	South	20	Individual	HDFC Bank	1631	ABS_CORE	ABS_2026_04_25
200093	046104/898	2004-11-04	21	F	Nagpur	North	10	Employee	HDFC Bank	1436	ABS_CORE	ABS_2026_04_25
200094	540720/342	1954-07-20	71	M	Nashik	North	10	Business	HDFC Bank	1011	ABS_CORE	ABS_2026_04_25
200095	790326/522	1979-03-26	46	M	Pune	West	40	Individual	HDFC Bank	1121	ABS_CORE	ABS_2026_04_25
200096	905324/901	1990-03-24	35	F	Nagpur	East	30	Individual	HDFC Bank	1546	ABS_CORE	ABS_2026_04_25
200097	821128/373	1982-11-28	43	M	Nagpur	West	40	Individual	HDFC Bank	1488	ABS_CORE	ABS_2026_04_25
200098	646204/993	1964-12-04	61	F	Pune	South	20	Employee	HDFC Bank	1250	ABS_CORE	ABS_2026_04_25
200099	740808/936	1974-08-08	51	M	Solapur	East	30	Employee	HDFC Bank	1578	ABS_CORE	ABS_2026_04_25
200100	980610/328	1998-06-10	27	M	Solapur	South	20	Employee	HDFC Bank	1481	ABS_CORE	ABS_2026_04_25
200101	466107/436	1946-11-07	79	F	Unknown	West	40	Individual	HDFC Bank	1549	ABS_CORE	ABS_2026_04_25
200102	725225/459	1972-02-25	53	F	Nashik	North	10	Employee	HDFC Bank	1279	ABS_CORE	ABS_2026_04_25
200103	945913/128	1994-09-13	31	F	Pune	South	20	Business	HDFC Bank	1741	ABS_CORE	ABS_2026_04_25
200104	775506/139	1977-05-06	48	F	Nagpur	East	30	Employee	HDFC Bank	1336	ABS_CORE	ABS_2026_04_25
200105	606014/846	1960-10-14	65	F	Nagpur	West	40	Unknown	HDFC Bank	1167	ABS_CORE	ABS_2026_04_25
200106	930614/494	1993-06-14	32	M	Nagpur	West	40	Individual	HDFC Bank	1960	ABS_CORE	ABS_2026_04_25
200107	006007/145	2000-10-07	25	F	Nashik	West	40	Employee	HDFC Bank	1952	ABS_CORE	ABS_2026_04_25
200108	940701/472	1994-07-01	31	M	Nashik	North	10	Unknown	HDFC Bank	1327	ABS_CORE	ABS_2026_04_25
200109	855222/738	1985-02-22	40	F	Kolhapur	West	40	Individual	HDFC Bank	1245	ABS_CORE	ABS_2026_04_25
200110	481128/837	1948-11-28	77	M	Solapur	West	40	Business	HDFC Bank	1590	ABS_CORE	ABS_2026_04_25
200111	515517/782	1951-05-17	74	F	Kolhapur	North	10	Individual	HDFC Bank	1625	ABS_CORE	ABS_2026_04_25
200112	465613/667	1946-06-13	79	F	Kolhapur	West	40	Individual	HDFC Bank	1300	ABS_CORE	ABS_2026_04_25
200113	685414/793	1968-04-14	57	F	Nashik	West	40	Employee	HDFC Bank	1728	ABS_CORE	ABS_2026_04_25
200114	875320/515	1987-03-20	38	F	Solapur	South	20	Business	HDFC Bank	1199	ABS_CORE	ABS_2026_04_25
200115	925110/315	1992-01-10	33	F	Solapur	West	40	Individual	HDFC Bank	1892	ABS_CORE	ABS_2026_04_25
200116	636020/576	1963-10-20	62	F	Nagpur	North	10	Employee	HDFC Bank	1499	ABS_CORE	ABS_2026_04_25
200117	900822/623	1990-08-22	35	M	Nashik	South	20	Individual	HDFC Bank	1863	ABS_CORE	ABS_2026_04_25
200118	611206/390	1961-12-06	64	M	Solapur	West	40	Individual	HDFC Bank	1753	ABS_CORE	ABS_2026_04_25
200119	556121/195	1955-11-21	70	F	Kolhapur	North	10	Individual	HDFC Bank	1012	ABS_CORE	ABS_2026_04_25
200120	845422/330	1984-04-22	41	F	Pune	East	30	Individual	HDFC Bank	1365	ABS_CORE	ABS_2026_04_25
200121	820405/147	1982-04-05	43	M	Pune	West	40	Individual	HDFC Bank	1718	ABS_CORE	ABS_2026_04_25
200122	920820/566	1992-08-20	33	M	Nashik	East	30	Individual	HDFC Bank	1773	ABS_CORE	ABS_2026_04_25
200123	481119/835	1948-11-19	77	M	Nagpur	South	20	Employee	HDFC Bank	1096	ABS_CORE	ABS_2026_04_25
200124	485716/349	1948-07-16	77	F	Nagpur	North	10	Individual	HDFC Bank	1070	ABS_CORE	ABS_2026_04_25
200125	481123/868	1948-11-23	77	M	Solapur	South	20	Business	HDFC Bank	1992	ABS_CORE	ABS_2026_04_25
200126	635225/324	1963-02-25	62	F	Nashik	East	30	Employee	HDFC Bank	1814	ABS_CORE	ABS_2026_04_25
200127	676217/151	1967-12-17	58	F	Unknown	East	30	Business	HDFC Bank	1860	ABS_CORE	ABS_2026_04_25
200128	790428/567	1979-04-28	46	M	Kolhapur	East	30	Individual	HDFC Bank	1741	ABS_CORE	ABS_2026_04_25
200129	935822/873	1993-08-22	32	F	Unknown	North	10	Business	HDFC Bank	1356	ABS_CORE	ABS_2026_04_25
200130	635820/950	1963-08-20	62	F	Kolhapur	East	30	Individual	HDFC Bank	1811	ABS_CORE	ABS_2026_04_25
200131	075806/560	2007-08-06	18	F	Solapur	East	30	Individual	HDFC Bank	1543	ABS_CORE	ABS_2026_04_25
200132	835427/884	1983-04-27	42	F	Mumbai	North	10	Employee	HDFC Bank	1249	ABS_CORE	ABS_2026_04_25
200133	010916/381	2001-09-16	24	M	Kolhapur	East	30	Employee	HDFC Bank	1253	ABS_CORE	ABS_2026_04_25
200134	995223/340	1999-02-23	26	F	Nashik	West	40	Individual	HDFC Bank	1770	ABS_CORE	ABS_2026_04_25
200135	840611/241	1984-06-11	41	M	Kolhapur	East	30	Employee	HDFC Bank	1181	ABS_CORE	ABS_2026_04_25
200136	070413/823	2007-04-13	18	M	Unknown	North	10	Business	HDFC Bank	1851	ABS_CORE	ABS_2026_04_25
200137	645214/438	1964-02-14	61	F	Solapur	East	30	Employee	HDFC Bank	1973	ABS_CORE	ABS_2026_04_25
200138	000814/311	2000-08-14	25	M	Pune	North	10	Employee	HDFC Bank	1987	ABS_CORE	ABS_2026_04_25
200139	840713/977	1984-07-13	41	M	Mumbai	East	30	Business	HDFC Bank	1165	ABS_CORE	ABS_2026_04_25
200140	976013/106	1997-10-13	28	F	Kolhapur	West	40	Employee	HDFC Bank	1003	ABS_CORE	ABS_2026_04_25
200141	575525/973	1957-05-25	68	F	Pune	North	10	Individual	HDFC Bank	1462	ABS_CORE	ABS_2026_04_25
200142	910718/599	1991-07-18	34	M	Nagpur	North	10	Business	HDFC Bank	1144	ABS_CORE	ABS_2026_04_25
200143	005514/129	2000-05-14	25	F	Mumbai	North	10	Individual	HDFC Bank	1164	ABS_CORE	ABS_2026_04_25
200144	735622/841	1973-06-22	52	F	Mumbai	North	10	Business	HDFC Bank	1343	ABS_CORE	ABS_2026_04_25
200145	730805/503	1973-08-05	52	M	Solapur	East	30	Individual	HDFC Bank	1997	ABS_CORE	ABS_2026_04_25
200146	751022/185	1975-10-22	50	M	Kolhapur	East	30	Individual	HDFC Bank	1873	ABS_CORE	ABS_2026_04_25
200147	665705/286	1966-07-05	59	F	Nagpur	West	40	Employee	HDFC Bank	1104	ABS_CORE	ABS_2026_04_25
200148	035513/316	2003-05-13	22	F	Solapur	West	40	Individual	HDFC Bank	1547	ABS_CORE	ABS_2026_04_25
200149	665611/384	1966-06-11	59	F	Nashik	East	30	Employee	HDFC Bank	1313	ABS_CORE	ABS_2026_04_25
200150	690709/581	1969-07-09	56	M	Pune	South	20	Business	HDFC Bank	1168	ABS_CORE	ABS_2026_04_25
200151	501218/458	1950-12-18	75	M	Pune	North	10	Individual	HDFC Bank	1519	ABS_CORE	ABS_2026_04_25
200152	671103/872	1967-11-03	58	M	Solapur	East	30	Individual	HDFC Bank	1962	ABS_CORE	ABS_2026_04_25
200153	800407/736	1980-04-07	45	M	Pune	West	40	Business	HDFC Bank	1925	ABS_CORE	ABS_2026_04_25
200154	015405/785	2001-04-05	24	F	Kolhapur	North	10	Business	HDFC Bank	1597	ABS_CORE	ABS_2026_04_25
200155	996007/816	1999-10-07	26	F	Pune	West	40	Individual	HDFC Bank	1435	ABS_CORE	ABS_2026_04_25
200156	000606/896	2000-06-06	25	M	Kolhapur	South	20	Business	HDFC Bank	1608	ABS_CORE	ABS_2026_04_25
200157	960310/692	1996-03-10	29	M	Nashik	North	10	Employee	HDFC Bank	1511	ABS_CORE	ABS_2026_04_25
200158	745519/506	1974-05-19	51	F	Nagpur	South	20	Business	HDFC Bank	1408	ABS_CORE	ABS_2026_04_25
200159	750403/204	1975-04-03	50	M	Mumbai	South	20	Business	HDFC Bank	1435	ABS_CORE	ABS_2026_04_25
200160	600528/915	1960-05-28	65	M	Solapur	South	20	Individual	HDFC Bank	1314	ABS_CORE	ABS_2026_04_25
200161	535112/777	1953-01-12	72	F	Solapur	East	30	Employee	HDFC Bank	1541	ABS_CORE	ABS_2026_04_25
200162	845217/112	1984-02-17	41	F	Kolhapur	West	40	Business	HDFC Bank	1612	ABS_CORE	ABS_2026_04_25
200163	465727/208	1946-07-27	79	F	Nashik	North	10	Employee	HDFC Bank	1578	ABS_CORE	ABS_2026_04_25
200164	845621/824	1984-06-21	41	F	Nashik	East	30	Employee	HDFC Bank	1899	ABS_CORE	ABS_2026_04_25
200165	715706/730	1971-07-06	54	F	Mumbai	West	40	Employee	HDFC Bank	1860	ABS_CORE	ABS_2026_04_25
200166	735925/576	1973-09-25	52	F	Nagpur	East	30	Individual	HDFC Bank	1952	ABS_CORE	ABS_2026_04_25
200167	646219/430	1964-12-19	61	F	Solapur	West	40	Business	HDFC Bank	1062	ABS_CORE	ABS_2026_04_25
200168	680427/385	1968-04-27	57	M	Kolhapur	North	10	Individual	HDFC Bank	1031	ABS_CORE	ABS_2026_04_25
200169	865808/683	1986-08-08	39	F	Nashik	North	10	Business	HDFC Bank	1598	ABS_CORE	ABS_2026_04_25
200170	816113/129	1981-11-13	44	F	Solapur	North	10	Business	HDFC Bank	1210	ABS_CORE	ABS_2026_04_25
200171	735606/317	1973-06-06	52	F	Kolhapur	North	10	Individual	HDFC Bank	1462	ABS_CORE	ABS_2026_04_25
200172	075511/710	2007-05-11	18	F	Pune	West	40	Unknown	HDFC Bank	1562	ABS_CORE	ABS_2026_04_25
200173	730518/629	1973-05-18	52	M	Solapur	East	30	Employee	HDFC Bank	1574	ABS_CORE	ABS_2026_04_25
200174	715208/600	1971-02-08	54	F	Nagpur	North	10	Business	HDFC Bank	1079	ABS_CORE	ABS_2026_04_25
200175	615423/761	1961-04-23	64	F	Kolhapur	North	10	Individual	HDFC Bank	1342	ABS_CORE	ABS_2026_04_25
200176	940815/195	1994-08-15	31	M	Nagpur	North	10	Employee	HDFC Bank	1231	ABS_CORE	ABS_2026_04_25
200177	050413/413	2005-04-13	20	M	Solapur	South	20	Employee	HDFC Bank	1877	ABS_CORE	ABS_2026_04_25
200178	076012/666	2007-10-12	18	F	Pune	North	10	Business	HDFC Bank	1612	ABS_CORE	ABS_2026_04_25
200179	035614/460	2003-06-14	22	F	Nagpur	North	10	Business	HDFC Bank	1128	ABS_CORE	ABS_2026_04_25
200180	825809/357	1982-08-09	43	F	Nashik	West	40	Individual	HDFC Bank	1018	ABS_CORE	ABS_2026_04_25
200181	530224/423	1953-02-24	72	M	Kolhapur	South	20	Unknown	HDFC Bank	1356	ABS_CORE	ABS_2026_04_25
200182	941218/296	1994-12-18	31	M	Solapur	West	40	Employee	HDFC Bank	1418	ABS_CORE	ABS_2026_04_25
200183	696216/841	1969-12-16	56	F	Pune	East	30	Employee	HDFC Bank	1958	ABS_CORE	ABS_2026_04_25
200184	815920/202	1981-09-20	44	F	Nashik	South	20	Employee	HDFC Bank	1605	ABS_CORE	ABS_2026_04_25
200185	990410/469	1999-04-10	26	M	Solapur	West	40	Employee	HDFC Bank	1080	ABS_CORE	ABS_2026_04_25
200186	930501/380	1993-05-01	32	M	Pune	West	40	Individual	HDFC Bank	1614	ABS_CORE	ABS_2026_04_25
200187	935118/814	1993-01-18	32	F	Nashik	East	30	Individual	HDFC Bank	1880	ABS_CORE	ABS_2026_04_25
200188	996128/205	1999-11-28	26	F	Nagpur	East	30	Business	HDFC Bank	1665	ABS_CORE	ABS_2026_04_25
200189	665119/580	1966-01-19	59	F	Solapur	North	10	Business	HDFC Bank	1780	ABS_CORE	ABS_2026_04_25
200190	480811/152	1948-08-11	77	M	Solapur	North	10	Business	HDFC Bank	1117	ABS_CORE	ABS_2026_04_25
200191	950804/510	1995-08-04	30	M	Nagpur	South	20	Individual	HDFC Bank	1853	ABS_CORE	ABS_2026_04_25
200192	570219/255	1957-02-19	68	M	Mumbai	South	20	Employee	HDFC Bank	1493	ABS_CORE	ABS_2026_04_25
200193	761010/354	1976-10-10	49	M	Nashik	East	30	Business	HDFC Bank	1790	ABS_CORE	ABS_2026_04_25
200194	695925/720	1969-09-25	56	F	Nagpur	South	20	Employee	HDFC Bank	1491	ABS_CORE	ABS_2026_04_25
200195	596008/561	1959-10-08	66	F	Solapur	North	10	Business	HDFC Bank	1874	ABS_CORE	ABS_2026_04_25
200196	565528/412	1956-05-28	69	F	Nashik	East	30	Business	HDFC Bank	1224	ABS_CORE	ABS_2026_04_25
200197	471002/881	1947-10-02	78	M	Nashik	West	40	Unknown	HDFC Bank	1986	ABS_CORE	ABS_2026_04_25
200198	766107/776	1976-11-07	49	F	Mumbai	East	30	Business	HDFC Bank	1418	ABS_CORE	ABS_2026_04_25
200199	020308/665	2002-03-08	23	M	Solapur	South	20	Business	HDFC Bank	1779	ABS_CORE	ABS_2026_04_25
200200	785301/561	1978-03-01	47	F	Pune	North	10	Employee	HDFC Bank	1136	ABS_CORE	ABS_2026_04_25
200201	716016/133	1971-10-16	54	F	Mumbai	North	10	Business	HDFC Bank	1225	ABS_CORE	ABS_2026_04_25
200202	855523/819	1985-05-23	40	F	Mumbai	West	40	Employee	HDFC Bank	1333	ABS_CORE	ABS_2026_04_25
200203	690803/370	1969-08-03	56	M	Pune	West	40	Individual	HDFC Bank	1228	ABS_CORE	ABS_2026_04_25
200204	631119/535	1963-11-19	62	M	Pune	East	30	Business	HDFC Bank	1322	ABS_CORE	ABS_2026_04_25
200205	930908/372	1993-09-08	32	M	Mumbai	North	10	Employee	HDFC Bank	1107	ABS_CORE	ABS_2026_04_25
200206	650303/269	1965-03-03	60	M	Nashik	West	40	Individual	HDFC Bank	1811	ABS_CORE	ABS_2026_04_25
200207	795520/549	1979-05-20	46	F	Nagpur	West	40	Individual	HDFC Bank	1444	ABS_CORE	ABS_2026_04_25
200208	725823/816	1972-08-23	53	F	Nagpur	East	30	Individual	HDFC Bank	1916	ABS_CORE	ABS_2026_04_25
200209	955517/548	1995-05-17	30	F	Mumbai	East	30	Employee	HDFC Bank	1006	ABS_CORE	ABS_2026_04_25
200210	766002/852	1976-10-02	49	F	Nashik	North	10	Business	HDFC Bank	1127	ABS_CORE	ABS_2026_04_25
200211	011009/193	2001-10-09	24	M	Pune	South	20	Business	HDFC Bank	1352	ABS_CORE	ABS_2026_04_25
200212	491127/883	1949-11-27	76	M	Kolhapur	South	20	Employee	HDFC Bank	1994	ABS_CORE	ABS_2026_04_25
200213	570519/881	1957-05-19	68	M	Mumbai	North	10	Business	HDFC Bank	1266	ABS_CORE	ABS_2026_04_25
200214	865316/384	1986-03-16	39	F	Unknown	South	20	Employee	HDFC Bank	1684	ABS_CORE	ABS_2026_04_25
200215	806014/193	1980-10-14	45	F	Nashik	North	10	Business	HDFC Bank	1927	ABS_CORE	ABS_2026_04_25
200216	065614/428	2006-06-14	19	F	Solapur	North	10	Individual	HDFC Bank	1213	ABS_CORE	ABS_2026_04_25
200217	660228/437	1966-02-28	59	M	Solapur	West	40	Business	HDFC Bank	1246	ABS_CORE	ABS_2026_04_25
200218	636216/778	1963-12-16	62	F	Mumbai	South	20	Employee	HDFC Bank	1617	ABS_CORE	ABS_2026_04_25
200219	465902/190	1946-09-02	79	F	Nashik	North	10	Employee	HDFC Bank	1594	ABS_CORE	ABS_2026_04_25
200220	510511/891	1951-05-11	74	M	Solapur	South	20	Individual	HDFC Bank	1803	ABS_CORE	ABS_2026_04_25
200221	550927/773	1955-09-27	70	M	Nashik	South	20	Employee	HDFC Bank	1373	ABS_CORE	ABS_2026_04_25
200222	025915/155	2002-09-15	23	F	Nagpur	East	30	Business	HDFC Bank	1420	ABS_CORE	ABS_2026_04_25
200223	955912/740	1995-09-12	30	F	Kolhapur	South	20	Business	HDFC Bank	1714	ABS_CORE	ABS_2026_04_25
200224	795107/662	1979-01-07	46	F	Solapur	North	10	Individual	HDFC Bank	1040	ABS_CORE	ABS_2026_04_25
200225	645515/224	1964-05-15	61	F	Solapur	West	40	Employee	HDFC Bank	1716	ABS_CORE	ABS_2026_04_25
200226	641120/826	1964-11-20	61	M	Nashik	South	20	Individual	HDFC Bank	1347	ABS_CORE	ABS_2026_04_25
200227	880518/665	1988-05-18	37	M	Kolhapur	North	10	Business	HDFC Bank	1560	ABS_CORE	ABS_2026_04_25
200228	780208/572	1978-02-08	47	M	Nagpur	East	30	Individual	HDFC Bank	1142	ABS_CORE	ABS_2026_04_25
200229	461127/610	1946-11-27	79	M	Solapur	South	20	Employee	HDFC Bank	1140	ABS_CORE	ABS_2026_04_25
200230	975517/525	1997-05-17	28	F	Mumbai	West	40	Individual	HDFC Bank	1564	ABS_CORE	ABS_2026_04_25
200231	500816/567	1950-08-16	75	M	Nashik	South	20	Employee	HDFC Bank	1106	ABS_CORE	ABS_2026_04_25
200232	530313/713	1953-03-13	72	M	Nashik	North	10	Employee	HDFC Bank	1032	ABS_CORE	ABS_2026_04_25
200233	801205/382	1980-12-05	45	M	Solapur	South	20	Business	HDFC Bank	1199	ABS_CORE	ABS_2026_04_25
200234	835711/940	1983-07-11	42	F	Nagpur	South	20	Business	HDFC Bank	1118	ABS_CORE	ABS_2026_04_25
200235	695524/957	1969-05-24	56	F	Solapur	East	30	Business	HDFC Bank	1799	ABS_CORE	ABS_2026_04_25
200236	466022/986	1946-10-22	79	F	Pune	South	20	Employee	HDFC Bank	1228	ABS_CORE	ABS_2026_04_25
200237	755818/453	1975-08-18	50	F	Solapur	West	40	Individual	HDFC Bank	1629	ABS_CORE	ABS_2026_04_25
200238	075925/566	2007-09-25	18	F	Unknown	South	20	Employee	HDFC Bank	1687	ABS_CORE	ABS_2026_04_25
200239	510423/685	1951-04-23	74	M	Kolhapur	East	30	Business	HDFC Bank	1963	ABS_CORE	ABS_2026_04_25
200240	815428/144	1981-04-28	44	F	Pune	North	10	Business	HDFC Bank	1184	ABS_CORE	ABS_2026_04_25
200241	466216/495	1946-12-16	79	F	Kolhapur	South	20	Individual	HDFC Bank	1829	ABS_CORE	ABS_2026_04_25
200242	516105/137	1951-11-05	74	F	Unknown	South	20	Business	HDFC Bank	1849	ABS_CORE	ABS_2026_04_25
200243	565919/990	1956-09-19	69	F	Mumbai	East	30	Business	HDFC Bank	1214	ABS_CORE	ABS_2026_04_25
200244	955804/115	1995-08-04	30	F	Nashik	East	30	Business	HDFC Bank	1732	ABS_CORE	ABS_2026_04_25
200245	670314/176	1967-03-14	58	M	Kolhapur	East	30	Individual	HDFC Bank	1129	ABS_CORE	ABS_2026_04_25
200246	055511/765	2005-05-11	20	F	Nashik	South	20	Employee	HDFC Bank	1844	ABS_CORE	ABS_2026_04_25
200247	695628/424	1969-06-28	56	F	Nagpur	West	40	Business	HDFC Bank	1271	ABS_CORE	ABS_2026_04_25
200248	026225/993	2002-12-25	23	F	Solapur	East	30	Individual	HDFC Bank	1757	ABS_CORE	ABS_2026_04_25
200249	000120/340	2000-01-20	25	M	Mumbai	North	10	Business	HDFC Bank	1634	ABS_CORE	ABS_2026_04_25
200250	811110/864	1981-11-10	44	M	Pune	South	20	Individual	HDFC Bank	1007	ABS_CORE	ABS_2026_04_25
200251	990704/554	1999-07-04	26	M	Nagpur	North	10	Unknown	HDFC Bank	1402	ABS_CORE	ABS_2026_04_25
200252	461210/147	1946-12-10	79	M	Mumbai	North	10	Individual	HDFC Bank	1927	ABS_CORE	ABS_2026_04_25
200253	715110/483	1971-01-10	54	F	Mumbai	West	40	Unknown	HDFC Bank	1578	ABS_CORE	ABS_2026_04_25
200254	755308/679	1975-03-08	50	F	Pune	North	10	Employee	HDFC Bank	1626	ABS_CORE	ABS_2026_04_25
200255	570306/180	1957-03-06	68	M	Pune	East	30	Business	HDFC Bank	1368	ABS_CORE	ABS_2026_04_25
200256	660720/609	1966-07-20	59	M	Nashik	East	30	Unknown	HDFC Bank	1799	ABS_CORE	ABS_2026_04_25
200257	645308/753	1964-03-08	61	F	Solapur	South	20	Business	HDFC Bank	1616	ABS_CORE	ABS_2026_04_25
200258	840809/923	1984-08-09	41	M	Nagpur	West	40	Employee	HDFC Bank	1980	ABS_CORE	ABS_2026_04_25
200259	930522/175	1993-05-22	32	M	Solapur	West	40	Business	HDFC Bank	1536	ABS_CORE	ABS_2026_04_25
200260	495619/754	1949-06-19	76	F	Nagpur	North	10	Individual	HDFC Bank	1052	ABS_CORE	ABS_2026_04_25
200261	546209/965	1954-12-09	71	F	Mumbai	West	40	Unknown	HDFC Bank	1246	ABS_CORE	ABS_2026_04_25
200262	765413/209	1976-04-13	49	F	Unknown	North	10	Employee	HDFC Bank	1336	ABS_CORE	ABS_2026_04_25
200263	765719/688	1976-07-19	49	F	Kolhapur	North	10	Individual	HDFC Bank	1280	ABS_CORE	ABS_2026_04_25
200264	841210/949	1984-12-10	41	M	Pune	West	40	Business	HDFC Bank	1032	ABS_CORE	ABS_2026_04_25
200265	670709/679	1967-07-09	58	M	Pune	South	20	Business	HDFC Bank	1798	ABS_CORE	ABS_2026_04_25
200266	561125/720	1956-11-25	69	M	Mumbai	North	10	Business	HDFC Bank	1547	ABS_CORE	ABS_2026_04_25
200267	595827/894	1959-08-27	66	F	Unknown	East	30	Individual	HDFC Bank	1342	ABS_CORE	ABS_2026_04_25
200268	565420/324	1956-04-20	69	F	Nagpur	East	30	Business	HDFC Bank	1890	ABS_CORE	ABS_2026_04_25
200269	595420/794	1959-04-20	66	F	Mumbai	West	40	Business	HDFC Bank	1238	ABS_CORE	ABS_2026_04_25
200270	501225/743	1950-12-25	75	M	Nagpur	West	40	Business	HDFC Bank	1491	ABS_CORE	ABS_2026_04_25
200271	561121/416	1956-11-21	69	M	Solapur	North	10	Employee	HDFC Bank	1728	ABS_CORE	ABS_2026_04_25
200272	965802/849	1996-08-02	29	F	Pune	North	10	Individual	HDFC Bank	1176	ABS_CORE	ABS_2026_04_25
200273	465210/865	1946-02-10	79	F	Pune	East	30	Unknown	HDFC Bank	1043	ABS_CORE	ABS_2026_04_25
200274	690307/905	1969-03-07	56	M	Kolhapur	North	10	Individual	HDFC Bank	1303	ABS_CORE	ABS_2026_04_25
200275	065617/950	2006-06-17	19	F	Kolhapur	East	30	Employee	HDFC Bank	1669	ABS_CORE	ABS_2026_04_25
200276	055527/925	2005-05-27	20	F	Unknown	North	10	Individual	HDFC Bank	1268	ABS_CORE	ABS_2026_04_25
200277	596228/923	1959-12-28	66	F	Solapur	South	20	Unknown	HDFC Bank	1682	ABS_CORE	ABS_2026_04_25
200278	710803/872	1971-08-03	54	M	Solapur	South	20	Employee	HDFC Bank	1732	ABS_CORE	ABS_2026_04_25
200279	596124/966	1959-11-24	66	F	Nashik	East	30	Individual	HDFC Bank	1399	ABS_CORE	ABS_2026_04_25
200280	520912/909	1952-09-12	73	M	Nagpur	South	20	Unknown	HDFC Bank	1741	ABS_CORE	ABS_2026_04_25
200281	910109/565	1991-01-09	34	M	Kolhapur	South	20	Business	HDFC Bank	1602	ABS_CORE	ABS_2026_04_25
200282	496124/698	1949-11-24	76	F	Nagpur	West	40	Individual	HDFC Bank	1921	ABS_CORE	ABS_2026_04_25
200283	591112/791	1959-11-12	66	M	Kolhapur	North	10	Individual	HDFC Bank	1970	ABS_CORE	ABS_2026_04_25
200284	065801/724	2006-08-01	19	F	Nashik	West	40	Employee	HDFC Bank	1430	ABS_CORE	ABS_2026_04_25
200285	066103/817	2006-11-03	19	F	Pune	East	30	Individual	HDFC Bank	1420	ABS_CORE	ABS_2026_04_25
200286	801114/243	1980-11-14	45	M	Nagpur	West	40	Employee	HDFC Bank	1130	ABS_CORE	ABS_2026_04_25
200287	545110/218	1954-01-10	71	F	Kolhapur	East	30	Individual	HDFC Bank	1409	ABS_CORE	ABS_2026_04_25
200288	010418/497	2001-04-18	24	M	Nagpur	South	20	Business	HDFC Bank	1737	ABS_CORE	ABS_2026_04_25
200289	715622/701	1971-06-22	54	F	Pune	West	40	Business	HDFC Bank	1224	ABS_CORE	ABS_2026_04_25
200290	766205/770	1976-12-05	49	F	Mumbai	South	20	Individual	HDFC Bank	1142	ABS_CORE	ABS_2026_04_25
200291	755820/386	1975-08-20	50	F	Kolhapur	North	10	Employee	HDFC Bank	1577	ABS_CORE	ABS_2026_04_25
200292	071212/554	2007-12-12	18	M	Mumbai	South	20	Business	HDFC Bank	1539	ABS_CORE	ABS_2026_04_25
200293	895428/201	1989-04-28	36	F	Nashik	North	10	Employee	HDFC Bank	1124	ABS_CORE	ABS_2026_04_25
200294	465618/162	1946-06-18	79	F	Solapur	South	20	Individual	HDFC Bank	1211	ABS_CORE	ABS_2026_04_25
200295	060507/968	2006-05-07	19	M	Nagpur	West	40	Individual	HDFC Bank	1933	ABS_CORE	ABS_2026_04_25
200296	550803/757	1955-08-03	70	M	Kolhapur	West	40	Business	HDFC Bank	1427	ABS_CORE	ABS_2026_04_25
200297	641001/905	1964-10-01	61	M	Nagpur	South	20	Individual	HDFC Bank	1436	ABS_CORE	ABS_2026_04_25
200298	820405/170	1982-04-05	43	M	Nashik	East	30	Unknown	HDFC Bank	1591	ABS_CORE	ABS_2026_04_25
200299	760907/932	1976-09-07	49	M	Nashik	East	30	Employee	HDFC Bank	1237	ABS_CORE	ABS_2026_04_25
200300	020411/907	2002-04-11	23	M	Nagpur	North	10	Business	HDFC Bank	1643	ABS_CORE	ABS_2026_04_25
200301	766001/979	1976-10-01	49	F	Kolhapur	North	10	Business	HDFC Bank	1327	ABS_CORE	ABS_2026_04_25
200302	535318/917	1953-03-18	72	F	Pune	South	20	Employee	HDFC Bank	1811	ABS_CORE	ABS_2026_04_25
200303	040222/234	2004-02-22	21	M	Pune	West	40	Business	HDFC Bank	1118	ABS_CORE	ABS_2026_04_25
200304	530626/702	1953-06-26	72	M	Solapur	North	10	Business	HDFC Bank	1045	ABS_CORE	ABS_2026_04_25
200305	975106/153	1997-01-06	28	F	Nagpur	South	20	Individual	HDFC Bank	1083	ABS_CORE	ABS_2026_04_25
200306	521214/863	1952-12-14	73	M	Nagpur	North	10	Employee	HDFC Bank	1793	ABS_CORE	ABS_2026_04_25
200307	495815/625	1949-08-15	76	F	Kolhapur	West	40	Business	HDFC Bank	1351	ABS_CORE	ABS_2026_04_25
200308	910215/729	1991-02-15	34	M	Nagpur	North	10	Employee	HDFC Bank	1012	ABS_CORE	ABS_2026_04_25
200309	706226/569	1970-12-26	55	F	Kolhapur	South	20	Employee	HDFC Bank	1636	ABS_CORE	ABS_2026_04_25
200310	845102/967	1984-01-02	41	F	Nagpur	North	10	Business	HDFC Bank	1836	ABS_CORE	ABS_2026_04_25
200311	030722/602	2003-07-22	22	M	Nashik	East	30	Individual	HDFC Bank	1171	ABS_CORE	ABS_2026_04_25
200312	560803/429	1956-08-03	69	M	Mumbai	North	10	Employee	HDFC Bank	1233	ABS_CORE	ABS_2026_04_25
200313	740303/381	1974-03-03	51	M	Nagpur	West	40	Business	HDFC Bank	1180	ABS_CORE	ABS_2026_04_25
200314	026119/490	2002-11-19	23	F	Mumbai	West	40	Employee	HDFC Bank	1050	ABS_CORE	ABS_2026_04_25
200315	865910/617	1986-09-10	39	F	Pune	West	40	Individual	HDFC Bank	1780	ABS_CORE	ABS_2026_04_25
200316	970704/973	1997-07-04	28	M	Solapur	West	40	Individual	HDFC Bank	1680	ABS_CORE	ABS_2026_04_25
200317	601125/540	1960-11-25	65	M	Pune	South	20	Individual	HDFC Bank	1394	ABS_CORE	ABS_2026_04_25
200318	925414/947	1992-04-14	33	F	Nagpur	North	10	Business	HDFC Bank	1932	ABS_CORE	ABS_2026_04_25
200319	750714/420	1975-07-14	50	M	Kolhapur	North	10	Business	HDFC Bank	1827	ABS_CORE	ABS_2026_04_25
200320	995622/483	1999-06-22	26	F	Pune	North	10	Individual	HDFC Bank	1799	ABS_CORE	ABS_2026_04_25
200321	481116/193	1948-11-16	77	M	Nashik	North	10	Business	HDFC Bank	1428	ABS_CORE	ABS_2026_04_25
200322	495203/198	1949-02-03	76	F	Mumbai	South	20	Unknown	HDFC Bank	1273	ABS_CORE	ABS_2026_04_25
200323	021212/669	2002-12-12	23	M	Kolhapur	West	40	Business	HDFC Bank	1860	ABS_CORE	ABS_2026_04_25
200324	926018/786	1992-10-18	33	F	Kolhapur	North	10	Individual	HDFC Bank	1206	ABS_CORE	ABS_2026_04_25
200325	795712/988	1979-07-12	46	F	Nagpur	North	10	Employee	HDFC Bank	1147	ABS_CORE	ABS_2026_04_25
200326	055110/460	2005-01-10	20	F	Nashik	West	40	Individual	HDFC Bank	1299	ABS_CORE	ABS_2026_04_25
200327	881017/258	1988-10-17	37	M	Mumbai	East	30	Individual	HDFC Bank	1931	ABS_CORE	ABS_2026_04_25
200328	650808/458	1965-08-08	60	M	Nashik	East	30	Business	HDFC Bank	1452	ABS_CORE	ABS_2026_04_25
200329	490912/880	1949-09-12	76	M	Pune	West	40	Business	HDFC Bank	1999	ABS_CORE	ABS_2026_04_25
200330	726008/965	1972-10-08	53	F	Nagpur	North	10	Business	HDFC Bank	1548	ABS_CORE	ABS_2026_04_25
200331	891020/723	1989-10-20	36	M	Kolhapur	West	40	Business	HDFC Bank	1672	ABS_CORE	ABS_2026_04_25
200332	821209/284	1982-12-09	43	M	Kolhapur	North	10	Business	HDFC Bank	1977	ABS_CORE	ABS_2026_04_25
200333	056225/447	2005-12-25	20	F	Pune	North	10	Business	HDFC Bank	1382	ABS_CORE	ABS_2026_04_25
200334	890106/679	1989-01-06	36	M	Kolhapur	East	30	Employee	HDFC Bank	1786	ABS_CORE	ABS_2026_04_25
200335	880703/858	1988-07-03	37	M	Solapur	East	30	Individual	HDFC Bank	1946	ABS_CORE	ABS_2026_04_25
200336	760103/485	1976-01-03	49	M	Nagpur	North	10	Individual	HDFC Bank	1799	ABS_CORE	ABS_2026_04_25
200337	010811/478	2001-08-11	24	M	Pune	North	10	Individual	HDFC Bank	1617	ABS_CORE	ABS_2026_04_25
200338	881211/153	1988-12-11	37	M	Nagpur	North	10	Employee	HDFC Bank	1533	ABS_CORE	ABS_2026_04_25
200339	670325/790	1967-03-25	58	M	Mumbai	East	30	Individual	HDFC Bank	1232	ABS_CORE	ABS_2026_04_25
200340	755515/597	1975-05-15	50	F	Unknown	North	10	Employee	HDFC Bank	1633	ABS_CORE	ABS_2026_04_25
200341	685814/320	1968-08-14	57	F	Nagpur	West	40	Employee	HDFC Bank	1128	ABS_CORE	ABS_2026_04_25
200342	695904/540	1969-09-04	56	F	Mumbai	South	20	Employee	HDFC Bank	1821	ABS_CORE	ABS_2026_04_25
200343	905522/639	1990-05-22	35	F	Pune	South	20	Individual	HDFC Bank	1728	ABS_CORE	ABS_2026_04_25
200344	680502/504	1968-05-02	57	M	Nagpur	North	10	Employee	HDFC Bank	1659	ABS_CORE	ABS_2026_04_25
200345	070101/408	2007-01-01	18	M	Nashik	West	40	Individual	HDFC Bank	1569	ABS_CORE	ABS_2026_04_25
200346	975325/396	1997-03-25	28	F	Nagpur	North	10	Individual	HDFC Bank	1930	ABS_CORE	ABS_2026_04_25
200347	805201/864	1980-02-01	45	F	Pune	West	40	Business	HDFC Bank	1236	ABS_CORE	ABS_2026_04_25
200348	515305/645	1951-03-05	74	F	Kolhapur	East	30	Business	HDFC Bank	1581	ABS_CORE	ABS_2026_04_25
200349	835417/173	1983-04-17	42	F	Mumbai	East	30	Employee	HDFC Bank	1965	ABS_CORE	ABS_2026_04_25
200350	586202/119	1958-12-02	67	F	Kolhapur	North	10	Employee	HDFC Bank	1700	ABS_CORE	ABS_2026_04_25
200351	855228/689	1985-02-28	40	F	Unknown	East	30	Individual	HDFC Bank	1753	ABS_CORE	ABS_2026_04_25
200352	776013/396	1977-10-13	48	F	Solapur	North	10	Employee	HDFC Bank	1574	ABS_CORE	ABS_2026_04_25
200353	785701/275	1978-07-01	47	F	Kolhapur	South	20	Employee	HDFC Bank	1484	ABS_CORE	ABS_2026_04_25
200354	666015/190	1966-10-15	59	F	Nagpur	West	40	Individual	HDFC Bank	1240	ABS_CORE	ABS_2026_04_25
200355	735208/703	1973-02-08	52	F	Nagpur	West	40	Employee	HDFC Bank	1956	ABS_CORE	ABS_2026_04_25
200356	015903/991	2001-09-03	24	F	Mumbai	South	20	Employee	HDFC Bank	1696	ABS_CORE	ABS_2026_04_25
200357	481211/441	1948-12-11	77	M	Nagpur	South	20	Individual	HDFC Bank	1770	ABS_CORE	ABS_2026_04_25
200358	920303/643	1992-03-03	33	M	Nashik	South	20	Individual	HDFC Bank	1740	ABS_CORE	ABS_2026_04_25
200359	825425/459	1982-04-25	43	F	Nashik	South	20	Business	HDFC Bank	1222	ABS_CORE	ABS_2026_04_25
200360	601127/341	1960-11-27	65	M	Kolhapur	East	30	Individual	HDFC Bank	1098	ABS_CORE	ABS_2026_04_25
200361	510309/277	1951-03-09	74	M	Pune	West	40	Business	HDFC Bank	1758	ABS_CORE	ABS_2026_04_25
200362	560325/281	1956-03-25	69	M	Mumbai	West	40	Employee	HDFC Bank	1556	ABS_CORE	ABS_2026_04_25
200363	486116/872	1948-11-16	77	F	Solapur	South	20	Individual	HDFC Bank	1910	ABS_CORE	ABS_2026_04_25
200364	596015/984	1959-10-15	66	F	Kolhapur	North	10	Individual	HDFC Bank	1272	ABS_CORE	ABS_2026_04_25
200365	065605/169	2006-06-05	19	F	Pune	North	10	Individual	HDFC Bank	1398	ABS_CORE	ABS_2026_04_25
200366	075821/915	2007-08-21	18	F	Mumbai	North	10	Employee	HDFC Bank	1516	ABS_CORE	ABS_2026_04_25
200367	606002/619	1960-10-02	65	F	Mumbai	North	10	Business	HDFC Bank	1981	ABS_CORE	ABS_2026_04_25
200368	465515/138	1946-05-15	79	F	Kolhapur	East	30	Employee	HDFC Bank	1429	ABS_CORE	ABS_2026_04_25
200369	965627/178	1996-06-27	29	F	Pune	West	40	Employee	HDFC Bank	1522	ABS_CORE	ABS_2026_04_25
200370	035220/573	2003-02-20	22	F	Pune	West	40	Individual	HDFC Bank	1959	ABS_CORE	ABS_2026_04_25
200371	710926/560	1971-09-26	54	M	Nagpur	West	40	Business	HDFC Bank	1347	ABS_CORE	ABS_2026_04_25
200372	761021/429	1976-10-21	49	M	Solapur	North	10	Unknown	HDFC Bank	1909	ABS_CORE	ABS_2026_04_25
200373	490817/163	1949-08-17	76	M	Nashik	South	20	Individual	HDFC Bank	1550	ABS_CORE	ABS_2026_04_25
200374	795226/831	1979-02-26	46	F	Nagpur	North	10	Unknown	HDFC Bank	1450	ABS_CORE	ABS_2026_04_25
200375	990921/140	1999-09-21	26	M	Mumbai	West	40	Employee	HDFC Bank	1950	ABS_CORE	ABS_2026_04_25
200376	676215/636	1967-12-15	58	F	Solapur	North	10	Individual	HDFC Bank	1041	ABS_CORE	ABS_2026_04_25
200377	736006/481	1973-10-06	52	F	Solapur	South	20	Individual	HDFC Bank	1714	ABS_CORE	ABS_2026_04_25
200378	895714/795	1989-07-14	36	F	Pune	South	20	Business	HDFC Bank	1093	ABS_CORE	ABS_2026_04_25
200379	605126/167	1960-01-26	65	F	Solapur	North	10	Employee	HDFC Bank	1485	ABS_CORE	ABS_2026_04_25
200380	925218/390	1992-02-18	33	F	Kolhapur	West	40	Individual	HDFC Bank	1516	ABS_CORE	ABS_2026_04_25
200381	051228/441	2005-12-28	20	M	Solapur	East	30	Individual	HDFC Bank	1563	ABS_CORE	ABS_2026_04_25
200382	881022/458	1988-10-22	37	M	Mumbai	West	40	Business	HDFC Bank	1149	ABS_CORE	ABS_2026_04_25
200383	846123/232	1984-11-23	41	F	Kolhapur	East	30	Business	HDFC Bank	1716	ABS_CORE	ABS_2026_04_25
200384	546203/672	1954-12-03	71	F	Kolhapur	West	40	Individual	HDFC Bank	1811	ABS_CORE	ABS_2026_04_25
200385	526126/932	1952-11-26	73	F	Nagpur	North	10	Business	HDFC Bank	1498	ABS_CORE	ABS_2026_04_25
200386	751123/761	1975-11-23	50	M	Solapur	East	30	Individual	HDFC Bank	1370	ABS_CORE	ABS_2026_04_25
200387	845717/118	1984-07-17	41	F	Pune	West	40	Employee	HDFC Bank	1980	ABS_CORE	ABS_2026_04_25
200388	560506/449	1956-05-06	69	M	Nagpur	North	10	Business	HDFC Bank	1698	ABS_CORE	ABS_2026_04_25
200389	970807/240	1997-08-07	28	M	Pune	West	40	Employee	HDFC Bank	1484	ABS_CORE	ABS_2026_04_25
200390	590210/619	1959-02-10	66	M	Solapur	South	20	Employee	HDFC Bank	1664	ABS_CORE	ABS_2026_04_25
200391	000927/777	2000-09-27	25	M	Nagpur	South	20	Employee	HDFC Bank	1382	ABS_CORE	ABS_2026_04_25
200392	726005/257	1972-10-05	53	F	Solapur	West	40	Individual	HDFC Bank	1627	ABS_CORE	ABS_2026_04_25
200393	700327/838	1970-03-27	55	M	Mumbai	North	10	Employee	HDFC Bank	1660	ABS_CORE	ABS_2026_04_25
200394	685114/792	1968-01-14	57	F	Nagpur	West	40	Employee	HDFC Bank	1731	ABS_CORE	ABS_2026_04_25
200395	885415/870	1988-04-15	37	F	Pune	North	10	Employee	HDFC Bank	1191	ABS_CORE	ABS_2026_04_25
200396	460808/416	1946-08-08	79	M	Mumbai	East	30	Individual	HDFC Bank	1744	ABS_CORE	ABS_2026_04_25
200397	730827/476	1973-08-27	52	M	Nashik	South	20	Employee	HDFC Bank	1835	ABS_CORE	ABS_2026_04_25
200398	606015/887	1960-10-15	65	F	Pune	East	30	Employee	HDFC Bank	1220	ABS_CORE	ABS_2026_04_25
200399	465717/265	1946-07-17	79	F	Solapur	North	10	Business	HDFC Bank	1046	ABS_CORE	ABS_2026_04_25
200400	830426/993	1983-04-26	42	M	Pune	West	40	Individual	HDFC Bank	1126	ABS_CORE	ABS_2026_04_25
200401	735121/995	1973-01-21	52	F	Nashik	South	20	Employee	HDFC Bank	1802	ABS_CORE	ABS_2026_04_25
200402	830904/391	1983-09-04	42	M	Pune	North	10	Business	HDFC Bank	1726	ABS_CORE	ABS_2026_04_25
200403	795309/625	1979-03-09	46	F	Mumbai	North	10	Individual	HDFC Bank	1006	ABS_CORE	ABS_2026_04_25
200404	900703/936	1990-07-03	35	M	Kolhapur	South	20	Individual	HDFC Bank	1695	ABS_CORE	ABS_2026_04_25
200405	625601/154	1962-06-01	63	F	Pune	West	40	Individual	HDFC Bank	1115	ABS_CORE	ABS_2026_04_25
200406	900912/495	1990-09-12	35	M	Nagpur	South	20	Individual	HDFC Bank	1563	ABS_CORE	ABS_2026_04_25
200407	060608/426	2006-06-08	19	M	Nashik	West	40	Individual	HDFC Bank	1365	ABS_CORE	ABS_2026_04_25
200408	546221/910	1954-12-21	71	F	Pune	West	40	Individual	HDFC Bank	1045	ABS_CORE	ABS_2026_04_25
200409	735302/949	1973-03-02	52	F	Nashik	North	10	Employee	HDFC Bank	1392	ABS_CORE	ABS_2026_04_25
200410	921227/877	1992-12-27	33	M	Kolhapur	West	40	Employee	HDFC Bank	1953	ABS_CORE	ABS_2026_04_25
200411	470815/181	1947-08-15	78	M	Mumbai	West	40	Employee	HDFC Bank	1022	ABS_CORE	ABS_2026_04_25
200412	670507/661	1967-05-07	58	M	Nagpur	South	20	Employee	HDFC Bank	1130	ABS_CORE	ABS_2026_04_25
200413	726017/213	1972-10-17	53	F	Solapur	South	20	Business	HDFC Bank	1126	ABS_CORE	ABS_2026_04_25
200414	755508/224	1975-05-08	50	F	Pune	West	40	Employee	HDFC Bank	1444	ABS_CORE	ABS_2026_04_25
200415	045414/164	2004-04-14	21	F	Mumbai	North	10	Individual	HDFC Bank	1776	ABS_CORE	ABS_2026_04_25
200416	750820/747	1975-08-20	50	M	Nashik	South	20	Employee	HDFC Bank	1308	ABS_CORE	ABS_2026_04_25
200417	941008/398	1994-10-08	31	M	Kolhapur	East	30	Employee	HDFC Bank	1707	ABS_CORE	ABS_2026_04_25
200418	875120/346	1987-01-20	38	F	Nashik	North	10	Individual	HDFC Bank	1432	ABS_CORE	ABS_2026_04_25
200419	600706/636	1960-07-06	65	M	Kolhapur	South	20	Unknown	HDFC Bank	1472	ABS_CORE	ABS_2026_04_25
200420	880217/499	1988-02-17	37	M	Kolhapur	South	20	Employee	HDFC Bank	1965	ABS_CORE	ABS_2026_04_25
200421	525802/482	1952-08-02	73	F	Mumbai	East	30	Employee	HDFC Bank	1047	ABS_CORE	ABS_2026_04_25
200422	006201/907	2000-12-01	25	F	Pune	West	40	Business	HDFC Bank	1890	ABS_CORE	ABS_2026_04_25
200423	010608/890	2001-06-08	24	M	Solapur	South	20	Employee	HDFC Bank	1081	ABS_CORE	ABS_2026_04_25
200424	056225/236	2005-12-25	20	F	Pune	East	30	Individual	HDFC Bank	1108	ABS_CORE	ABS_2026_04_25
200425	915618/933	1991-06-18	34	F	Nagpur	East	30	Individual	HDFC Bank	1262	ABS_CORE	ABS_2026_04_25
200426	755327/812	1975-03-27	50	F	Pune	South	20	Employee	HDFC Bank	1866	ABS_CORE	ABS_2026_04_25
200427	601106/164	1960-11-06	65	M	Kolhapur	North	10	Employee	HDFC Bank	1030	ABS_CORE	ABS_2026_04_25
200428	965802/306	1996-08-02	29	F	Kolhapur	South	20	Unknown	HDFC Bank	1357	ABS_CORE	ABS_2026_04_25
200429	495402/417	1949-04-02	76	F	Nagpur	East	30	Individual	HDFC Bank	1567	ABS_CORE	ABS_2026_04_25
200430	575727/359	1957-07-27	68	F	Nashik	South	20	Individual	HDFC Bank	1479	ABS_CORE	ABS_2026_04_25
200431	866107/465	1986-11-07	39	F	Kolhapur	North	10	Business	HDFC Bank	1866	ABS_CORE	ABS_2026_04_25
200432	525128/379	1952-01-28	73	F	Nagpur	West	40	Business	HDFC Bank	1188	ABS_CORE	ABS_2026_04_25
200433	865614/861	1986-06-14	39	F	Kolhapur	West	40	Business	HDFC Bank	1987	ABS_CORE	ABS_2026_04_25
200434	620711/608	1962-07-11	63	M	Solapur	South	20	Individual	HDFC Bank	1004	ABS_CORE	ABS_2026_04_25
200435	785812/920	1978-08-12	47	F	Kolhapur	South	20	Business	HDFC Bank	1285	ABS_CORE	ABS_2026_04_25
200436	701214/540	1970-12-14	55	M	Mumbai	East	30	Employee	HDFC Bank	1789	ABS_CORE	ABS_2026_04_25
200437	705318/428	1970-03-18	55	F	Nagpur	North	10	Employee	HDFC Bank	1656	ABS_CORE	ABS_2026_04_25
200438	635211/413	1963-02-11	62	F	Pune	East	30	Unknown	HDFC Bank	1393	ABS_CORE	ABS_2026_04_25
200439	576023/270	1957-10-23	68	F	Nagpur	East	30	Business	HDFC Bank	1454	ABS_CORE	ABS_2026_04_25
200440	545812/143	1954-08-12	71	F	Nashik	West	40	Employee	HDFC Bank	1707	ABS_CORE	ABS_2026_04_25
200441	005620/381	2000-06-20	25	F	Kolhapur	East	30	Individual	HDFC Bank	1425	ABS_CORE	ABS_2026_04_25
200442	815103/472	1981-01-03	44	F	Nagpur	East	30	Business	HDFC Bank	1026	ABS_CORE	ABS_2026_04_25
200443	811222/131	1981-12-22	44	M	Solapur	West	40	Employee	HDFC Bank	1126	ABS_CORE	ABS_2026_04_25
200444	746022/135	1974-10-22	51	F	Nagpur	West	40	Business	HDFC Bank	1134	ABS_CORE	ABS_2026_04_25
200445	875208/470	1987-02-08	38	F	Solapur	North	10	Individual	HDFC Bank	1534	ABS_CORE	ABS_2026_04_25
200446	781002/795	1978-10-02	47	M	Kolhapur	North	10	Business	HDFC Bank	1330	ABS_CORE	ABS_2026_04_25
200447	755612/881	1975-06-12	50	F	Pune	North	10	Individual	HDFC Bank	1628	ABS_CORE	ABS_2026_04_25
200448	806005/507	1980-10-05	45	F	Kolhapur	South	20	Business	HDFC Bank	1391	ABS_CORE	ABS_2026_04_25
200449	611109/216	1961-11-09	64	M	Nashik	West	40	Employee	HDFC Bank	1007	ABS_CORE	ABS_2026_04_25
200450	756206/630	1975-12-06	50	F	Mumbai	South	20	Unknown	HDFC Bank	1612	ABS_CORE	ABS_2026_04_25
200451	035904/893	2003-09-04	22	F	Pune	South	20	Individual	HDFC Bank	1260	ABS_CORE	ABS_2026_04_25
200452	481215/726	1948-12-15	77	M	Pune	North	10	Individual	HDFC Bank	1198	ABS_CORE	ABS_2026_04_25
200453	471216/225	1947-12-16	78	M	Mumbai	West	40	Business	HDFC Bank	1597	ABS_CORE	ABS_2026_04_25
200454	600215/830	1960-02-15	65	M	Nagpur	South	20	Business	HDFC Bank	1739	ABS_CORE	ABS_2026_04_25
200455	895226/783	1989-02-26	36	F	Kolhapur	East	30	Employee	HDFC Bank	1385	ABS_CORE	ABS_2026_04_25
200456	046203/407	2004-12-03	21	F	Unknown	East	30	Individual	HDFC Bank	1471	ABS_CORE	ABS_2026_04_25
200457	730323/912	1973-03-23	52	M	Nagpur	West	40	Individual	HDFC Bank	1178	ABS_CORE	ABS_2026_04_25
200458	590908/305	1959-09-08	66	M	Kolhapur	South	20	Business	HDFC Bank	1449	ABS_CORE	ABS_2026_04_25
200459	915308/126	1991-03-08	34	F	Nashik	North	10	Business	HDFC Bank	1239	ABS_CORE	ABS_2026_04_25
200460	645919/578	1964-09-19	61	F	Pune	South	20	Employee	HDFC Bank	1523	ABS_CORE	ABS_2026_04_25
200461	800905/167	1980-09-05	45	M	Solapur	East	30	Employee	HDFC Bank	1814	ABS_CORE	ABS_2026_04_25
200462	785723/638	1978-07-23	47	F	Mumbai	East	30	Business	HDFC Bank	1745	ABS_CORE	ABS_2026_04_25
200463	790727/228	1979-07-27	46	M	Pune	North	10	Unknown	HDFC Bank	1182	ABS_CORE	ABS_2026_04_25
200464	626103/577	1962-11-03	63	F	Nagpur	West	40	Employee	HDFC Bank	1793	ABS_CORE	ABS_2026_04_25
200465	550912/999	1955-09-12	70	M	Mumbai	South	20	Business	HDFC Bank	1357	ABS_CORE	ABS_2026_04_25
200466	020921/886	2002-09-21	23	M	Solapur	East	30	Business	HDFC Bank	1375	ABS_CORE	ABS_2026_04_25
200467	730717/951	1973-07-17	52	M	Pune	South	20	Unknown	HDFC Bank	1940	ABS_CORE	ABS_2026_04_25
200468	485905/268	1948-09-05	77	F	Pune	North	10	Business	HDFC Bank	1701	ABS_CORE	ABS_2026_04_25
200469	670623/454	1967-06-23	58	M	Nashik	North	10	Business	HDFC Bank	1837	ABS_CORE	ABS_2026_04_25
200470	710528/356	1971-05-28	54	M	Pune	West	40	Employee	HDFC Bank	1726	ABS_CORE	ABS_2026_04_25
200471	846118/228	1984-11-18	41	F	Pune	North	10	Business	HDFC Bank	1769	ABS_CORE	ABS_2026_04_25
200472	790520/614	1979-05-20	46	M	Solapur	West	40	Business	HDFC Bank	1537	ABS_CORE	ABS_2026_04_25
200473	590319/275	1959-03-19	66	M	Solapur	South	20	Employee	HDFC Bank	1781	ABS_CORE	ABS_2026_04_25
200474	626024/962	1962-10-24	63	F	Mumbai	East	30	Individual	HDFC Bank	1081	ABS_CORE	ABS_2026_04_25
200475	550127/183	1955-01-27	70	M	Nagpur	East	30	Individual	HDFC Bank	1357	ABS_CORE	ABS_2026_04_25
200476	776125/766	1977-11-25	48	F	Solapur	West	40	Employee	HDFC Bank	1184	ABS_CORE	ABS_2026_04_25
200477	731014/609	1973-10-14	52	M	Unknown	East	30	Employee	HDFC Bank	1287	ABS_CORE	ABS_2026_04_25
200478	486118/757	1948-11-18	77	F	Pune	West	40	Individual	HDFC Bank	1061	ABS_CORE	ABS_2026_04_25
200479	755808/404	1975-08-08	50	F	Mumbai	West	40	Individual	HDFC Bank	1882	ABS_CORE	ABS_2026_04_25
200480	560223/261	1956-02-23	69	M	Mumbai	South	20	Individual	HDFC Bank	1506	ABS_CORE	ABS_2026_04_25
200481	475716/308	1947-07-16	78	F	Mumbai	South	20	Individual	HDFC Bank	1461	ABS_CORE	ABS_2026_04_25
200482	876005/982	1987-10-05	38	F	Kolhapur	North	10	Individual	HDFC Bank	1029	ABS_CORE	ABS_2026_04_25
200483	765624/508	1976-06-24	49	F	Mumbai	West	40	Employee	HDFC Bank	1908	ABS_CORE	ABS_2026_04_25
200484	850617/426	1985-06-17	40	M	Solapur	South	20	Unknown	HDFC Bank	1935	ABS_CORE	ABS_2026_04_25
200485	755804/560	1975-08-04	50	F	Kolhapur	West	40	Individual	HDFC Bank	1030	ABS_CORE	ABS_2026_04_25
200486	050304/397	2005-03-04	20	M	Nagpur	West	40	Unknown	HDFC Bank	1292	ABS_CORE	ABS_2026_04_25
200487	901014/986	1990-10-14	35	M	Mumbai	West	40	Business	HDFC Bank	1172	ABS_CORE	ABS_2026_04_25
200488	835327/691	1983-03-27	42	F	Nashik	South	20	Business	HDFC Bank	1613	ABS_CORE	ABS_2026_04_25
200489	660607/610	1966-06-07	59	M	Pune	West	40	Business	HDFC Bank	1127	ABS_CORE	ABS_2026_04_25
200490	775816/609	1977-08-16	48	F	Pune	West	40	Business	HDFC Bank	1085	ABS_CORE	ABS_2026_04_25
200491	545213/346	1954-02-13	71	F	Kolhapur	North	10	Business	HDFC Bank	1314	ABS_CORE	ABS_2026_04_25
200492	501012/151	1950-10-12	75	M	Pune	West	40	Business	HDFC Bank	1027	ABS_CORE	ABS_2026_04_25
200493	055820/392	2005-08-20	20	F	Pune	North	10	Employee	HDFC Bank	1121	ABS_CORE	ABS_2026_04_25
200494	680128/541	1968-01-28	57	M	Kolhapur	West	40	Business	HDFC Bank	1250	ABS_CORE	ABS_2026_04_25
200495	625524/882	1962-05-24	63	F	Pune	North	10	Business	HDFC Bank	1572	ABS_CORE	ABS_2026_04_25
200496	845602/152	1984-06-02	41	F	Mumbai	South	20	Employee	HDFC Bank	1402	ABS_CORE	ABS_2026_04_25
200497	585907/666	1958-09-07	67	F	Nagpur	South	20	Business	HDFC Bank	1682	ABS_CORE	ABS_2026_04_25
200498	765213/882	1976-02-13	49	F	Kolhapur	East	30	Individual	HDFC Bank	1442	ABS_CORE	ABS_2026_04_25
200499	610527/231	1961-05-27	64	M	Nashik	West	40	Individual	HDFC Bank	1271	ABS_CORE	ABS_2026_04_25
200500	865712/671	1986-07-12	39	F	Kolhapur	East	30	Business	HDFC Bank	1836	ABS_CORE	ABS_2026_04_25
200501	855307/612	1985-03-07	40	F	Solapur	East	30	Employee	HDFC Bank	1811	ABS_CORE	ABS_2026_04_25
200502	060102/830	2006-01-02	19	M	Nashik	North	10	Individual	HDFC Bank	1112	ABS_CORE	ABS_2026_04_25
200503	815817/252	1981-08-17	44	F	Solapur	South	20	Employee	HDFC Bank	1705	ABS_CORE	ABS_2026_04_25
200504	665905/727	1966-09-05	59	F	Kolhapur	West	40	Individual	HDFC Bank	1393	ABS_CORE	ABS_2026_04_25
200505	065313/707	2006-03-13	19	F	Solapur	West	40	Business	HDFC Bank	1942	ABS_CORE	ABS_2026_04_25
200506	825927/825	1982-09-27	43	F	Nashik	North	10	Employee	HDFC Bank	1018	ABS_CORE	ABS_2026_04_25
200507	910516/477	1991-05-16	34	M	Mumbai	East	30	Employee	HDFC Bank	1851	ABS_CORE	ABS_2026_04_25
200508	866104/697	1986-11-04	39	F	Kolhapur	North	10	Employee	HDFC Bank	1604	ABS_CORE	ABS_2026_04_25
200509	751228/711	1975-12-28	50	M	Kolhapur	East	30	Individual	HDFC Bank	1728	ABS_CORE	ABS_2026_04_25
200510	990521/838	1999-05-21	26	M	Pune	West	40	Individual	HDFC Bank	1464	ABS_CORE	ABS_2026_04_25
200511	651016/636	1965-10-16	60	M	Kolhapur	North	10	Individual	HDFC Bank	1690	ABS_CORE	ABS_2026_04_25
200512	546220/251	1954-12-20	71	F	Kolhapur	East	30	Business	HDFC Bank	1908	ABS_CORE	ABS_2026_04_25
200513	601108/686	1960-11-08	65	M	Mumbai	North	10	Individual	HDFC Bank	1190	ABS_CORE	ABS_2026_04_25
200514	690207/551	1969-02-07	56	M	Pune	South	20	Business	HDFC Bank	1492	ABS_CORE	ABS_2026_04_25
200515	795705/807	1979-07-05	46	F	Nagpur	North	10	Employee	HDFC Bank	1911	ABS_CORE	ABS_2026_04_25
200516	665717/993	1966-07-17	59	F	Solapur	West	40	Unknown	HDFC Bank	1948	ABS_CORE	ABS_2026_04_25
200517	531224/822	1953-12-24	72	M	Nashik	North	10	Business	HDFC Bank	1162	ABS_CORE	ABS_2026_04_25
200518	825907/778	1982-09-07	43	F	Nagpur	West	40	Individual	HDFC Bank	1611	ABS_CORE	ABS_2026_04_25
200519	735913/277	1973-09-13	52	F	Pune	West	40	Business	HDFC Bank	1698	ABS_CORE	ABS_2026_04_25
200520	585911/792	1958-09-11	67	F	Mumbai	North	10	Employee	HDFC Bank	1294	ABS_CORE	ABS_2026_04_25
200521	836222/724	1983-12-22	42	F	Nashik	North	10	Employee	HDFC Bank	1578	ABS_CORE	ABS_2026_04_25
200522	845408/671	1984-04-08	41	F	Solapur	North	10	Business	HDFC Bank	1072	ABS_CORE	ABS_2026_04_25
200523	955410/821	1995-04-10	30	F	Kolhapur	South	20	Individual	HDFC Bank	1743	ABS_CORE	ABS_2026_04_25
200524	486223/424	1948-12-23	77	F	Kolhapur	South	20	Individual	HDFC Bank	1700	ABS_CORE	ABS_2026_04_25
200525	505618/394	1950-06-18	75	F	Nagpur	East	30	Business	HDFC Bank	1561	ABS_CORE	ABS_2026_04_25
200526	016022/504	2001-10-22	24	F	Solapur	North	10	Business	HDFC Bank	1308	ABS_CORE	ABS_2026_04_25
200527	510625/397	1951-06-25	74	M	Pune	East	30	Individual	HDFC Bank	1301	ABS_CORE	ABS_2026_04_25
200528	720523/454	1972-05-23	53	M	Solapur	East	30	Employee	HDFC Bank	1307	ABS_CORE	ABS_2026_04_25
200529	636109/319	1963-11-09	62	F	Mumbai	West	40	Business	HDFC Bank	1123	ABS_CORE	ABS_2026_04_25
200530	955909/240	1995-09-09	30	F	Nagpur	East	30	Individual	HDFC Bank	1668	ABS_CORE	ABS_2026_04_25
200531	071024/348	2007-10-24	18	M	Nagpur	North	10	Individual	HDFC Bank	1260	ABS_CORE	ABS_2026_04_25
200532	001117/753	2000-11-17	25	M	Mumbai	South	20	Employee	HDFC Bank	1194	ABS_CORE	ABS_2026_04_25
200533	625104/438	1962-01-04	63	F	Solapur	East	30	Employee	HDFC Bank	1841	ABS_CORE	ABS_2026_04_25
200534	920804/105	1992-08-04	33	M	Mumbai	East	30	Employee	HDFC Bank	1350	ABS_CORE	ABS_2026_04_25
200535	945314/588	1994-03-14	31	F	Nashik	South	20	Employee	HDFC Bank	1842	ABS_CORE	ABS_2026_04_25
200536	965425/428	1996-04-25	29	F	Mumbai	East	30	Unknown	HDFC Bank	1767	ABS_CORE	ABS_2026_04_25
200537	571102/767	1957-11-02	68	M	Unknown	North	10	Business	HDFC Bank	1976	ABS_CORE	ABS_2026_04_25
200538	850418/279	1985-04-18	40	M	Unknown	East	30	Individual	HDFC Bank	1935	ABS_CORE	ABS_2026_04_25
200539	935302/906	1993-03-02	32	F	Pune	West	40	Business	HDFC Bank	1488	ABS_CORE	ABS_2026_04_25
200540	805324/997	1980-03-24	45	F	Kolhapur	East	30	Business	HDFC Bank	1199	ABS_CORE	ABS_2026_04_25
200541	740110/443	1974-01-10	51	M	Mumbai	West	40	Business	HDFC Bank	1883	ABS_CORE	ABS_2026_04_25
200542	065821/237	2006-08-21	19	F	Kolhapur	South	20	Business	HDFC Bank	1507	ABS_CORE	ABS_2026_04_25
200543	765915/297	1976-09-15	49	F	Mumbai	South	20	Business	HDFC Bank	1897	ABS_CORE	ABS_2026_04_25
200544	850211/848	1985-02-11	40	M	Solapur	East	30	Employee	HDFC Bank	1579	ABS_CORE	ABS_2026_04_25
200545	861109/114	1986-11-09	39	M	Nashik	East	30	Employee	HDFC Bank	1445	ABS_CORE	ABS_2026_04_25
200546	575626/681	1957-06-26	68	F	Nashik	South	20	Individual	HDFC Bank	1079	ABS_CORE	ABS_2026_04_25
200547	835406/946	1983-04-06	42	F	Kolhapur	West	40	Business	HDFC Bank	1744	ABS_CORE	ABS_2026_04_25
200548	500911/510	1950-09-11	75	M	Solapur	South	20	Individual	HDFC Bank	1697	ABS_CORE	ABS_2026_04_25
200549	460206/588	1946-02-06	79	M	Solapur	South	20	Employee	HDFC Bank	1616	ABS_CORE	ABS_2026_04_25
200550	475401/492	1947-04-01	78	F	Solapur	West	40	Employee	HDFC Bank	1468	ABS_CORE	ABS_2026_04_25
200551	865825/437	1986-08-25	39	F	Pune	South	20	Employee	HDFC Bank	1836	ABS_CORE	ABS_2026_04_25
200552	881024/367	1988-10-24	37	M	Nagpur	East	30	Business	HDFC Bank	1441	ABS_CORE	ABS_2026_04_25
200553	500623/163	1950-06-23	75	M	Mumbai	East	30	Business	HDFC Bank	1930	ABS_CORE	ABS_2026_04_25
200554	865215/263	1986-02-15	39	F	Solapur	South	20	Employee	HDFC Bank	1653	ABS_CORE	ABS_2026_04_25
200555	596117/806	1959-11-17	66	F	Solapur	East	30	Individual	HDFC Bank	1910	ABS_CORE	ABS_2026_04_25
200556	566110/729	1956-11-10	69	F	Solapur	North	10	Individual	HDFC Bank	1901	ABS_CORE	ABS_2026_04_25
200557	665405/256	1966-04-05	59	F	Nashik	South	20	Unknown	HDFC Bank	1271	ABS_CORE	ABS_2026_04_25
200558	026220/525	2002-12-20	23	F	Solapur	North	10	Individual	HDFC Bank	1342	ABS_CORE	ABS_2026_04_25
200559	930916/880	1993-09-16	32	M	Unknown	South	20	Employee	HDFC Bank	1123	ABS_CORE	ABS_2026_04_25
200560	541125/638	1954-11-25	71	M	Solapur	South	20	Individual	HDFC Bank	1222	ABS_CORE	ABS_2026_04_25
200561	655923/179	1965-09-23	60	F	Mumbai	North	10	Employee	HDFC Bank	1489	ABS_CORE	ABS_2026_04_25
200562	480202/686	1948-02-02	77	M	Pune	South	20	Individual	HDFC Bank	1685	ABS_CORE	ABS_2026_04_25
200563	715306/974	1971-03-06	54	F	Nagpur	East	30	Business	HDFC Bank	1702	ABS_CORE	ABS_2026_04_25
200564	750804/834	1975-08-04	50	M	Unknown	North	10	Employee	HDFC Bank	1651	ABS_CORE	ABS_2026_04_25
200565	705803/928	1970-08-03	55	F	Mumbai	South	20	Employee	HDFC Bank	1296	ABS_CORE	ABS_2026_04_25
200566	045805/567	2004-08-05	21	F	Kolhapur	East	30	Individual	HDFC Bank	1118	ABS_CORE	ABS_2026_04_25
200567	485118/788	1948-01-18	77	F	Pune	North	10	Employee	HDFC Bank	1786	ABS_CORE	ABS_2026_04_25
200568	640524/505	1964-05-24	61	M	Nagpur	North	10	Employee	HDFC Bank	1075	ABS_CORE	ABS_2026_04_25
200569	640124/692	1964-01-24	61	M	Nagpur	East	30	Employee	HDFC Bank	1620	ABS_CORE	ABS_2026_04_25
200570	035114/817	2003-01-14	22	F	Nagpur	South	20	Business	HDFC Bank	1630	ABS_CORE	ABS_2026_04_25
200571	690902/583	1969-09-02	56	M	Mumbai	South	20	Business	HDFC Bank	1972	ABS_CORE	ABS_2026_04_25
200572	040514/887	2004-05-14	21	M	Pune	North	10	Unknown	HDFC Bank	1880	ABS_CORE	ABS_2026_04_25
200573	026124/483	2002-11-24	23	F	Solapur	West	40	Business	HDFC Bank	1257	ABS_CORE	ABS_2026_04_25
200574	635715/484	1963-07-15	62	F	Kolhapur	South	20	Individual	HDFC Bank	1531	ABS_CORE	ABS_2026_04_25
200575	761122/769	1976-11-22	49	M	Pune	South	20	Business	HDFC Bank	1630	ABS_CORE	ABS_2026_04_25
200576	560604/650	1956-06-04	69	M	Pune	East	30	Unknown	HDFC Bank	1350	ABS_CORE	ABS_2026_04_25
200577	780905/954	1978-09-05	47	M	Pune	West	40	Business	HDFC Bank	1648	ABS_CORE	ABS_2026_04_25
200578	615110/789	1961-01-10	64	F	Mumbai	West	40	Business	HDFC Bank	1276	ABS_CORE	ABS_2026_04_25
200579	735914/943	1973-09-14	52	F	Kolhapur	North	10	Individual	HDFC Bank	1254	ABS_CORE	ABS_2026_04_25
200580	535415/258	1953-04-15	72	F	Mumbai	East	30	Employee	HDFC Bank	1263	ABS_CORE	ABS_2026_04_25
200581	680424/132	1968-04-24	57	M	Kolhapur	East	30	Employee	HDFC Bank	1678	ABS_CORE	ABS_2026_04_25
200582	561114/346	1956-11-14	69	M	Kolhapur	South	20	Unknown	HDFC Bank	1676	ABS_CORE	ABS_2026_04_25
200583	920204/557	1992-02-04	33	M	Mumbai	North	10	Individual	HDFC Bank	1028	ABS_CORE	ABS_2026_04_25
200584	951123/350	1995-11-23	30	M	Kolhapur	South	20	Employee	HDFC Bank	1466	ABS_CORE	ABS_2026_04_25
200585	585113/339	1958-01-13	67	F	Pune	West	40	Individual	HDFC Bank	1034	ABS_CORE	ABS_2026_04_25
200586	480425/243	1948-04-25	77	M	Mumbai	East	30	Employee	HDFC Bank	1748	ABS_CORE	ABS_2026_04_25
200587	665508/691	1966-05-08	59	F	Kolhapur	North	10	Individual	HDFC Bank	1293	ABS_CORE	ABS_2026_04_25
200588	786127/342	1978-11-27	47	F	Nagpur	South	20	Business	HDFC Bank	1601	ABS_CORE	ABS_2026_04_25
200589	890322/523	1989-03-22	36	M	Mumbai	South	20	Individual	HDFC Bank	1202	ABS_CORE	ABS_2026_04_25
200590	880502/741	1988-05-02	37	M	Nashik	West	40	Employee	HDFC Bank	1739	ABS_CORE	ABS_2026_04_25
200591	525718/148	1952-07-18	73	F	Mumbai	East	30	Business	HDFC Bank	1930	ABS_CORE	ABS_2026_04_25
200592	896122/904	1989-11-22	36	F	Mumbai	West	40	Individual	HDFC Bank	1067	ABS_CORE	ABS_2026_04_25
200593	805623/518	1980-06-23	45	F	Mumbai	South	20	Employee	HDFC Bank	1130	ABS_CORE	ABS_2026_04_25
200594	500513/872	1950-05-13	75	M	Kolhapur	East	30	Business	HDFC Bank	1876	ABS_CORE	ABS_2026_04_25
200595	530808/407	1953-08-08	72	M	Mumbai	East	30	Individual	HDFC Bank	1110	ABS_CORE	ABS_2026_04_25
200596	536205/159	1953-12-05	72	F	Nashik	West	40	Employee	HDFC Bank	1523	ABS_CORE	ABS_2026_04_25
200597	710714/497	1971-07-14	54	M	Solapur	East	30	Individual	HDFC Bank	1287	ABS_CORE	ABS_2026_04_25
200598	825507/762	1982-05-07	43	F	Mumbai	West	40	Individual	HDFC Bank	1686	ABS_CORE	ABS_2026_04_25
200599	555828/194	1955-08-28	70	F	Nagpur	East	30	Business	HDFC Bank	1830	ABS_CORE	ABS_2026_04_25
200600	461227/152	1946-12-27	79	M	Nashik	East	30	Business	HDFC Bank	1665	ABS_CORE	ABS_2026_04_25
200601	850722/994	1985-07-22	40	M	Solapur	North	10	Employee	HDFC Bank	1042	ABS_CORE	ABS_2026_04_25
200602	990426/590	1999-04-26	26	M	Kolhapur	East	30	Business	HDFC Bank	1874	ABS_CORE	ABS_2026_04_25
200603	960610/316	1996-06-10	29	M	Mumbai	South	20	Employee	HDFC Bank	1716	ABS_CORE	ABS_2026_04_25
200604	556204/348	1955-12-04	70	F	Solapur	North	10	Individual	HDFC Bank	1683	ABS_CORE	ABS_2026_04_25
200605	631023/506	1963-10-23	62	M	Nagpur	West	40	Individual	HDFC Bank	1293	ABS_CORE	ABS_2026_04_25
200606	505911/489	1950-09-11	75	F	Nashik	South	20	Employee	HDFC Bank	1284	ABS_CORE	ABS_2026_04_25
200607	785921/415	1978-09-21	47	F	Nashik	West	40	Individual	HDFC Bank	1822	ABS_CORE	ABS_2026_04_25
200608	075617/577	2007-06-17	18	F	Kolhapur	West	40	Business	HDFC Bank	1563	ABS_CORE	ABS_2026_04_25
200609	616216/308	1961-12-16	64	F	Kolhapur	South	20	Individual	HDFC Bank	1626	ABS_CORE	ABS_2026_04_25
200610	740614/676	1974-06-14	51	M	Kolhapur	West	40	Business	HDFC Bank	1018	ABS_CORE	ABS_2026_04_25
200611	760424/116	1976-04-24	49	M	Solapur	North	10	Employee	HDFC Bank	1506	ABS_CORE	ABS_2026_04_25
200612	465919/402	1946-09-19	79	F	Mumbai	South	20	Employee	HDFC Bank	1546	ABS_CORE	ABS_2026_04_25
200613	540411/488	1954-04-11	71	M	Unknown	West	40	Individual	HDFC Bank	1047	ABS_CORE	ABS_2026_04_25
200614	605416/363	1960-04-16	65	F	Nashik	West	40	Unknown	HDFC Bank	1744	ABS_CORE	ABS_2026_04_25
200615	835824/571	1983-08-24	42	F	Pune	East	30	Business	HDFC Bank	1218	ABS_CORE	ABS_2026_04_25
200616	686226/273	1968-12-26	57	F	Nashik	East	30	Business	HDFC Bank	1621	ABS_CORE	ABS_2026_04_25
200617	636218/288	1963-12-18	62	F	Kolhapur	West	40	Individual	HDFC Bank	1765	ABS_CORE	ABS_2026_04_25
200618	550921/636	1955-09-21	70	M	Mumbai	South	20	Individual	HDFC Bank	1187	ABS_CORE	ABS_2026_04_25
200619	070227/882	2007-02-27	18	M	Mumbai	North	10	Employee	HDFC Bank	1030	ABS_CORE	ABS_2026_04_25
200620	920705/169	1992-07-05	33	M	Nashik	West	40	Employee	HDFC Bank	1258	ABS_CORE	ABS_2026_04_25
200621	470301/617	1947-03-01	78	M	Solapur	West	40	Employee	HDFC Bank	1674	ABS_CORE	ABS_2026_04_25
200622	695602/775	1969-06-02	56	F	Kolhapur	West	40	Individual	HDFC Bank	1343	ABS_CORE	ABS_2026_04_25
200623	035101/112	2003-01-01	22	F	Mumbai	East	30	Individual	HDFC Bank	1307	ABS_CORE	ABS_2026_04_25
200624	865924/648	1986-09-24	39	F	Mumbai	South	20	Individual	HDFC Bank	1070	ABS_CORE	ABS_2026_04_25
200625	795117/925	1979-01-17	46	F	Nagpur	West	40	Employee	HDFC Bank	1306	ABS_CORE	ABS_2026_04_25
200626	530204/346	1953-02-04	72	M	Mumbai	East	30	Individual	HDFC Bank	1567	ABS_CORE	ABS_2026_04_25
200627	056017/934	2005-10-17	20	F	Nagpur	West	40	Business	HDFC Bank	1098	ABS_CORE	ABS_2026_04_25
200628	855526/180	1985-05-26	40	F	Mumbai	West	40	Individual	HDFC Bank	1020	ABS_CORE	ABS_2026_04_25
200629	820715/813	1982-07-15	43	M	Mumbai	South	20	Individual	HDFC Bank	1896	ABS_CORE	ABS_2026_04_25
200630	920522/769	1992-05-22	33	M	Solapur	East	30	Individual	HDFC Bank	1619	ABS_CORE	ABS_2026_04_25
200631	571125/195	1957-11-25	68	M	Unknown	North	10	Individual	HDFC Bank	1564	ABS_CORE	ABS_2026_04_25
200632	715713/157	1971-07-13	54	F	Kolhapur	South	20	Individual	HDFC Bank	1005	ABS_CORE	ABS_2026_04_25
200633	860123/184	1986-01-23	39	M	Unknown	North	10	Business	HDFC Bank	1230	ABS_CORE	ABS_2026_04_25
200634	515721/679	1951-07-21	74	F	Kolhapur	East	30	Business	HDFC Bank	1993	ABS_CORE	ABS_2026_04_25
200635	790217/335	1979-02-17	46	M	Kolhapur	East	30	Individual	HDFC Bank	1081	ABS_CORE	ABS_2026_04_25
200636	946219/377	1994-12-19	31	F	Kolhapur	North	10	Employee	HDFC Bank	1957	ABS_CORE	ABS_2026_04_25
200637	805222/656	1980-02-22	45	F	Kolhapur	East	30	Individual	HDFC Bank	1216	ABS_CORE	ABS_2026_04_25
200638	031102/970	2003-11-02	22	M	Nashik	South	20	Individual	HDFC Bank	1334	ABS_CORE	ABS_2026_04_25
200639	610107/870	1961-01-07	64	M	Nashik	West	40	Individual	HDFC Bank	1558	ABS_CORE	ABS_2026_04_25
200640	596227/178	1959-12-27	66	F	Mumbai	North	10	Employee	HDFC Bank	1863	ABS_CORE	ABS_2026_04_25
200641	780319/680	1978-03-19	47	M	Nashik	West	40	Employee	HDFC Bank	1873	ABS_CORE	ABS_2026_04_25
200642	625722/493	1962-07-22	63	F	Mumbai	North	10	Employee	HDFC Bank	1752	ABS_CORE	ABS_2026_04_25
200643	461205/612	1946-12-05	79	M	Unknown	West	40	Business	HDFC Bank	1689	ABS_CORE	ABS_2026_04_25
200644	560602/547	1956-06-02	69	M	Pune	West	40	Employee	HDFC Bank	1593	ABS_CORE	ABS_2026_04_25
200645	035211/892	2003-02-11	22	F	Nagpur	South	20	Business	HDFC Bank	1798	ABS_CORE	ABS_2026_04_25
200646	965121/902	1996-01-21	29	F	Nashik	West	40	Business	HDFC Bank	1703	ABS_CORE	ABS_2026_04_25
200647	925808/666	1992-08-08	33	F	Nashik	North	10	Employee	HDFC Bank	1924	ABS_CORE	ABS_2026_04_25
200648	825706/187	1982-07-06	43	F	Solapur	West	40	Employee	HDFC Bank	1654	ABS_CORE	ABS_2026_04_25
200649	821010/830	1982-10-10	43	M	Nashik	East	30	Employee	HDFC Bank	1825	ABS_CORE	ABS_2026_04_25
200650	600209/489	1960-02-09	65	M	Mumbai	West	40	Business	HDFC Bank	1790	ABS_CORE	ABS_2026_04_25
200651	876105/424	1987-11-05	38	F	Mumbai	West	40	Individual	HDFC Bank	1933	ABS_CORE	ABS_2026_04_25
200652	690203/415	1969-02-03	56	M	Pune	East	30	Employee	HDFC Bank	1552	ABS_CORE	ABS_2026_04_25
200653	725625/204	1972-06-25	53	F	Pune	East	30	Employee	HDFC Bank	1458	ABS_CORE	ABS_2026_04_25
200654	755206/559	1975-02-06	50	F	Pune	North	10	Employee	HDFC Bank	1782	ABS_CORE	ABS_2026_04_25
200655	465917/205	1946-09-17	79	F	Mumbai	East	30	Business	HDFC Bank	1086	ABS_CORE	ABS_2026_04_25
200656	780212/711	1978-02-12	47	M	Kolhapur	East	30	Business	HDFC Bank	1514	ABS_CORE	ABS_2026_04_25
200657	715628/112	1971-06-28	54	F	Kolhapur	North	10	Individual	HDFC Bank	1722	ABS_CORE	ABS_2026_04_25
200658	850713/842	1985-07-13	40	M	Pune	North	10	Employee	HDFC Bank	1512	ABS_CORE	ABS_2026_04_25
200659	500908/801	1950-09-08	75	M	Pune	West	40	Business	HDFC Bank	1983	ABS_CORE	ABS_2026_04_25
200660	985305/408	1998-03-05	27	F	Mumbai	South	20	Individual	HDFC Bank	1586	ABS_CORE	ABS_2026_04_25
200661	540805/271	1954-08-05	71	M	Solapur	North	10	Employee	HDFC Bank	1477	ABS_CORE	ABS_2026_04_25
200662	805514/595	1980-05-14	45	F	Nashik	East	30	Business	HDFC Bank	1497	ABS_CORE	ABS_2026_04_25
200663	725212/352	1972-02-12	53	F	Nagpur	West	40	Unknown	HDFC Bank	1906	ABS_CORE	ABS_2026_04_25
200664	741116/568	1974-11-16	51	M	Kolhapur	East	30	Employee	HDFC Bank	1955	ABS_CORE	ABS_2026_04_25
200665	560310/505	1956-03-10	69	M	Kolhapur	North	10	Business	HDFC Bank	1742	ABS_CORE	ABS_2026_04_25
200666	776013/550	1977-10-13	48	F	Mumbai	South	20	Business	HDFC Bank	1448	ABS_CORE	ABS_2026_04_25
200667	980727/407	1998-07-27	27	M	Mumbai	West	40	Business	HDFC Bank	1587	ABS_CORE	ABS_2026_04_25
200668	501023/590	1950-10-23	75	M	Nagpur	North	10	Employee	HDFC Bank	1259	ABS_CORE	ABS_2026_04_25
200669	895313/398	1989-03-13	36	F	Nagpur	North	10	Employee	HDFC Bank	1536	ABS_CORE	ABS_2026_04_25
200670	506221/689	1950-12-21	75	F	Pune	East	30	Individual	HDFC Bank	1199	ABS_CORE	ABS_2026_04_25
200671	765411/387	1976-04-11	49	F	Nagpur	South	20	Employee	HDFC Bank	1462	ABS_CORE	ABS_2026_04_25
200672	070712/677	2007-07-12	18	M	Unknown	North	10	Business	HDFC Bank	1938	ABS_CORE	ABS_2026_04_25
200673	521018/798	1952-10-18	73	M	Nashik	East	30	Employee	HDFC Bank	1093	ABS_CORE	ABS_2026_04_25
200674	585901/825	1958-09-01	67	F	Kolhapur	West	40	Individual	HDFC Bank	1935	ABS_CORE	ABS_2026_04_25
200675	635826/951	1963-08-26	62	F	Nashik	East	30	Individual	HDFC Bank	1351	ABS_CORE	ABS_2026_04_25
200676	045227/789	2004-02-27	21	F	Nashik	West	40	Business	HDFC Bank	1107	ABS_CORE	ABS_2026_04_25
200677	925321/347	1992-03-21	33	F	Nashik	East	30	Business	HDFC Bank	1354	ABS_CORE	ABS_2026_04_25
200678	846105/908	1984-11-05	41	F	Pune	South	20	Individual	HDFC Bank	1468	ABS_CORE	ABS_2026_04_25
200679	925215/696	1992-02-15	33	F	Kolhapur	East	30	Individual	HDFC Bank	1094	ABS_CORE	ABS_2026_04_25
200680	535917/656	1953-09-17	72	F	Mumbai	South	20	Individual	HDFC Bank	1867	ABS_CORE	ABS_2026_04_25
200681	060623/211	2006-06-23	19	M	Kolhapur	South	20	Business	HDFC Bank	1090	ABS_CORE	ABS_2026_04_25
200682	595422/270	1959-04-22	66	F	Kolhapur	West	40	Individual	HDFC Bank	1043	ABS_CORE	ABS_2026_04_25
200683	806002/870	1980-10-02	45	F	Kolhapur	East	30	Individual	HDFC Bank	1455	ABS_CORE	ABS_2026_04_25
200684	760704/200	1976-07-04	49	M	Unknown	East	30	Business	HDFC Bank	1954	ABS_CORE	ABS_2026_04_25
200685	810417/556	1981-04-17	44	M	Mumbai	East	30	Employee	HDFC Bank	1383	ABS_CORE	ABS_2026_04_25
200686	880715/453	1988-07-15	37	M	Nagpur	South	20	Employee	HDFC Bank	1022	ABS_CORE	ABS_2026_04_25
200687	845804/525	1984-08-04	41	F	Pune	North	10	Individual	HDFC Bank	1701	ABS_CORE	ABS_2026_04_25
200688	960227/456	1996-02-27	29	M	Pune	East	30	Employee	HDFC Bank	1022	ABS_CORE	ABS_2026_04_25
200689	580615/633	1958-06-15	67	M	Solapur	East	30	Employee	HDFC Bank	1233	ABS_CORE	ABS_2026_04_25
200690	730616/548	1973-06-16	52	M	Solapur	North	10	Employee	HDFC Bank	1697	ABS_CORE	ABS_2026_04_25
200691	486215/168	1948-12-15	77	F	Pune	West	40	Employee	HDFC Bank	1310	ABS_CORE	ABS_2026_04_25
200692	750126/123	1975-01-26	50	M	Pune	East	30	Individual	HDFC Bank	1416	ABS_CORE	ABS_2026_04_25
200693	750621/793	1975-06-21	50	M	Nagpur	North	10	Employee	HDFC Bank	1332	ABS_CORE	ABS_2026_04_25
200694	470324/628	1947-03-24	78	M	Pune	East	30	Employee	HDFC Bank	1574	ABS_CORE	ABS_2026_04_25
200695	575906/673	1957-09-06	68	F	Mumbai	South	20	Business	HDFC Bank	1102	ABS_CORE	ABS_2026_04_25
200696	655808/744	1965-08-08	60	F	Unknown	North	10	Individual	HDFC Bank	1499	ABS_CORE	ABS_2026_04_25
200697	715321/505	1971-03-21	54	F	Pune	South	20	Business	HDFC Bank	1827	ABS_CORE	ABS_2026_04_25
200698	961220/560	1996-12-20	29	M	Unknown	North	10	Business	HDFC Bank	1482	ABS_CORE	ABS_2026_04_25
200699	050713/821	2005-07-13	20	M	Nagpur	West	40	Individual	HDFC Bank	1188	ABS_CORE	ABS_2026_04_25
200700	070409/691	2007-04-09	18	M	Nashik	South	20	Employee	HDFC Bank	1847	ABS_CORE	ABS_2026_04_25
200701	755906/433	1975-09-06	50	F	Solapur	East	30	Business	HDFC Bank	1459	ABS_CORE	ABS_2026_04_25
200702	685804/786	1968-08-04	57	F	Nagpur	North	10	Individual	HDFC Bank	1188	ABS_CORE	ABS_2026_04_25
200703	985817/711	1998-08-17	27	F	Unknown	East	30	Employee	HDFC Bank	1350	ABS_CORE	ABS_2026_04_25
200704	651013/456	1965-10-13	60	M	Nagpur	West	40	Individual	HDFC Bank	1580	ABS_CORE	ABS_2026_04_25
200705	640820/933	1964-08-20	61	M	Kolhapur	North	10	Business	HDFC Bank	1113	ABS_CORE	ABS_2026_04_25
200706	796226/729	1979-12-26	46	F	Nashik	West	40	Employee	HDFC Bank	1103	ABS_CORE	ABS_2026_04_25
200707	950222/420	1995-02-22	30	M	Pune	North	10	Employee	HDFC Bank	1619	ABS_CORE	ABS_2026_04_25
200708	960410/287	1996-04-10	29	M	Nagpur	South	20	Individual	HDFC Bank	1507	ABS_CORE	ABS_2026_04_25
200709	776205/528	1977-12-05	48	F	Nashik	East	30	Employee	HDFC Bank	1344	ABS_CORE	ABS_2026_04_25
200710	625319/533	1962-03-19	63	F	Mumbai	South	20	Business	HDFC Bank	1020	ABS_CORE	ABS_2026_04_25
200711	060821/668	2006-08-21	19	M	Nashik	South	20	Business	HDFC Bank	1386	ABS_CORE	ABS_2026_04_25
200712	470810/291	1947-08-10	78	M	Solapur	South	20	Business	HDFC Bank	1943	ABS_CORE	ABS_2026_04_25
200713	570820/986	1957-08-20	68	M	Solapur	South	20	Individual	HDFC Bank	1777	ABS_CORE	ABS_2026_04_25
200714	580116/299	1958-01-16	67	M	Pune	North	10	Employee	HDFC Bank	1854	ABS_CORE	ABS_2026_04_25
200715	735718/518	1973-07-18	52	F	Kolhapur	East	30	Employee	HDFC Bank	1208	ABS_CORE	ABS_2026_04_25
200716	855814/600	1985-08-14	40	F	Pune	North	10	Employee	HDFC Bank	1681	ABS_CORE	ABS_2026_04_25
200717	910219/914	1991-02-19	34	M	Kolhapur	North	10	Business	HDFC Bank	1482	ABS_CORE	ABS_2026_04_25
200718	820410/381	1982-04-10	43	M	Kolhapur	North	10	Employee	HDFC Bank	1472	ABS_CORE	ABS_2026_04_25
200719	000910/899	2000-09-10	25	M	Kolhapur	South	20	Unknown	HDFC Bank	1705	ABS_CORE	ABS_2026_04_25
200720	796024/662	1979-10-24	46	F	Kolhapur	West	40	Employee	HDFC Bank	1858	ABS_CORE	ABS_2026_04_25
200721	820219/374	1982-02-19	43	M	Solapur	South	20	Business	HDFC Bank	1941	ABS_CORE	ABS_2026_04_25
200722	985927/655	1998-09-27	27	F	Solapur	North	10	Employee	HDFC Bank	1392	ABS_CORE	ABS_2026_04_25
200723	825125/659	1982-01-25	43	F	Nagpur	South	20	Individual	HDFC Bank	1634	ABS_CORE	ABS_2026_04_25
200724	460704/404	1946-07-04	79	M	Solapur	East	30	Individual	HDFC Bank	1688	ABS_CORE	ABS_2026_04_25
200725	745115/456	1974-01-15	51	F	Pune	East	30	Business	HDFC Bank	1515	ABS_CORE	ABS_2026_04_25
200726	570215/894	1957-02-15	68	M	Solapur	South	20	Business	HDFC Bank	1187	ABS_CORE	ABS_2026_04_25
200727	675407/981	1967-04-07	58	F	Pune	South	20	Employee	HDFC Bank	1345	ABS_CORE	ABS_2026_04_25
200728	016021/269	2001-10-21	24	F	Mumbai	West	40	Employee	HDFC Bank	1351	ABS_CORE	ABS_2026_04_25
200729	040326/933	2004-03-26	21	M	Solapur	South	20	Individual	HDFC Bank	1540	ABS_CORE	ABS_2026_04_25
200730	505119/645	1950-01-19	75	F	Pune	South	20	Employee	HDFC Bank	1597	ABS_CORE	ABS_2026_04_25
200731	551018/431	1955-10-18	70	M	Kolhapur	West	40	Business	HDFC Bank	1046	ABS_CORE	ABS_2026_04_25
200732	585510/978	1958-05-10	67	F	Unknown	South	20	Business	HDFC Bank	1076	ABS_CORE	ABS_2026_04_25
200733	631127/238	1963-11-27	62	M	Kolhapur	South	20	Business	HDFC Bank	1342	ABS_CORE	ABS_2026_04_25
200734	975702/987	1997-07-02	28	F	Nagpur	South	20	Business	HDFC Bank	1190	ABS_CORE	ABS_2026_04_25
200735	790323/355	1979-03-23	46	M	Pune	South	20	Business	HDFC Bank	1542	ABS_CORE	ABS_2026_04_25
200736	521211/879	1952-12-11	73	M	Kolhapur	South	20	Individual	HDFC Bank	1818	ABS_CORE	ABS_2026_04_25
200737	726113/245	1972-11-13	53	F	Solapur	North	10	Individual	HDFC Bank	1680	ABS_CORE	ABS_2026_04_25
200738	836109/484	1983-11-09	42	F	Solapur	South	20	Business	HDFC Bank	1035	ABS_CORE	ABS_2026_04_25
200739	870221/512	1987-02-21	38	M	Mumbai	West	40	Employee	HDFC Bank	1756	ABS_CORE	ABS_2026_04_25
200740	476209/565	1947-12-09	78	F	Nashik	South	20	Business	HDFC Bank	1423	ABS_CORE	ABS_2026_04_25
200741	510619/989	1951-06-19	74	M	Pune	North	10	Individual	HDFC Bank	1350	ABS_CORE	ABS_2026_04_25
200742	726203/750	1972-12-03	53	F	Kolhapur	West	40	Business	HDFC Bank	1187	ABS_CORE	ABS_2026_04_25
200743	981212/914	1998-12-12	27	M	Nashik	West	40	Individual	HDFC Bank	1526	ABS_CORE	ABS_2026_04_25
200744	715707/944	1971-07-07	54	F	Mumbai	South	20	Individual	HDFC Bank	1333	ABS_CORE	ABS_2026_04_25
200745	995809/948	1999-08-09	26	F	Nagpur	East	30	Business	HDFC Bank	1482	ABS_CORE	ABS_2026_04_25
200746	840618/679	1984-06-18	41	M	Nashik	North	10	Unknown	HDFC Bank	1215	ABS_CORE	ABS_2026_04_25
200747	735826/798	1973-08-26	52	F	Mumbai	East	30	Employee	HDFC Bank	1157	ABS_CORE	ABS_2026_04_25
200748	590102/741	1959-01-02	66	M	Pune	South	20	Individual	HDFC Bank	1925	ABS_CORE	ABS_2026_04_25
200749	730801/978	1973-08-01	52	M	Nagpur	North	10	Employee	HDFC Bank	1666	ABS_CORE	ABS_2026_04_25
200750	600815/538	1960-08-15	65	M	Solapur	East	30	Business	HDFC Bank	1240	ABS_CORE	ABS_2026_04_25
200751	726205/262	1972-12-05	53	F	Mumbai	North	10	Individual	HDFC Bank	1295	ABS_CORE	ABS_2026_04_25
200752	525503/356	1952-05-03	73	F	Solapur	South	20	Employee	HDFC Bank	1461	ABS_CORE	ABS_2026_04_25
200753	590622/153	1959-06-22	66	M	Nagpur	North	10	Employee	HDFC Bank	1044	ABS_CORE	ABS_2026_04_25
200754	691110/539	1969-11-10	56	M	Mumbai	South	20	Employee	HDFC Bank	1494	ABS_CORE	ABS_2026_04_25
200755	760223/101	1976-02-23	49	M	Mumbai	East	30	Business	HDFC Bank	1970	ABS_CORE	ABS_2026_04_25
200756	840803/707	1984-08-03	41	M	Nagpur	North	10	Business	HDFC Bank	1174	ABS_CORE	ABS_2026_04_25
200757	855922/109	1985-09-22	40	F	Pune	West	40	Business	HDFC Bank	1345	ABS_CORE	ABS_2026_04_25
200758	461211/980	1946-12-11	79	M	Mumbai	South	20	Individual	HDFC Bank	1055	ABS_CORE	ABS_2026_04_25
200759	766205/172	1976-12-05	49	F	Nagpur	North	10	Business	HDFC Bank	1565	ABS_CORE	ABS_2026_04_25
200760	710703/205	1971-07-03	54	M	Nashik	West	40	Individual	HDFC Bank	1340	ABS_CORE	ABS_2026_04_25
200761	960610/491	1996-06-10	29	M	Solapur	West	40	Employee	HDFC Bank	1776	ABS_CORE	ABS_2026_04_25
200762	590321/170	1959-03-21	66	M	Mumbai	West	40	Employee	HDFC Bank	1885	ABS_CORE	ABS_2026_04_25
200763	531001/550	1953-10-01	72	M	Nashik	West	40	Business	HDFC Bank	1750	ABS_CORE	ABS_2026_04_25
200764	951207/521	1995-12-07	30	M	Mumbai	South	20	Employee	HDFC Bank	1832	ABS_CORE	ABS_2026_04_25
200765	851115/188	1985-11-15	40	M	Pune	North	10	Business	HDFC Bank	1107	ABS_CORE	ABS_2026_04_25
200766	830205/703	1983-02-05	42	M	Nagpur	West	40	Individual	HDFC Bank	1709	ABS_CORE	ABS_2026_04_25
200767	735712/422	1973-07-12	52	F	Mumbai	North	10	Employee	HDFC Bank	1896	ABS_CORE	ABS_2026_04_25
200768	675308/760	1967-03-08	58	F	Nagpur	North	10	Business	HDFC Bank	1213	ABS_CORE	ABS_2026_04_25
200769	785418/897	1978-04-18	47	F	Kolhapur	East	30	Employee	HDFC Bank	1498	ABS_CORE	ABS_2026_04_25
200770	915128/310	1991-01-28	34	F	Mumbai	North	10	Employee	HDFC Bank	1757	ABS_CORE	ABS_2026_04_25
200771	591017/865	1959-10-17	66	M	Unknown	South	20	Business	HDFC Bank	1396	ABS_CORE	ABS_2026_04_25
200772	460521/902	1946-05-21	79	M	Pune	South	20	Employee	HDFC Bank	1549	ABS_CORE	ABS_2026_04_25
200773	885416/215	1988-04-16	37	F	Nashik	West	40	Employee	HDFC Bank	1496	ABS_CORE	ABS_2026_04_25
200774	600821/640	1960-08-21	65	M	Pune	North	10	Employee	HDFC Bank	1172	ABS_CORE	ABS_2026_04_25
200775	835112/235	1983-01-12	42	F	Nagpur	South	20	Employee	HDFC Bank	1104	ABS_CORE	ABS_2026_04_25
200776	866014/659	1986-10-14	39	F	Kolhapur	South	20	Individual	HDFC Bank	1551	ABS_CORE	ABS_2026_04_25
200777	955325/888	1995-03-25	30	F	Pune	South	20	Unknown	HDFC Bank	1478	ABS_CORE	ABS_2026_04_25
200778	490119/114	1949-01-19	76	M	Mumbai	West	40	Employee	HDFC Bank	1398	ABS_CORE	ABS_2026_04_25
200779	890402/908	1989-04-02	36	M	Pune	South	20	Business	HDFC Bank	1433	ABS_CORE	ABS_2026_04_25
200780	595910/533	1959-09-10	66	F	Kolhapur	North	10	Individual	HDFC Bank	1641	ABS_CORE	ABS_2026_04_25
200781	720703/384	1972-07-03	53	M	Nagpur	South	20	Business	HDFC Bank	1692	ABS_CORE	ABS_2026_04_25
200782	960503/927	1996-05-03	29	M	Mumbai	South	20	Business	HDFC Bank	1990	ABS_CORE	ABS_2026_04_25
200783	475911/700	1947-09-11	78	F	Nashik	West	40	Business	HDFC Bank	1921	ABS_CORE	ABS_2026_04_25
200784	671122/417	1967-11-22	58	M	Nashik	North	10	Individual	HDFC Bank	1193	ABS_CORE	ABS_2026_04_25
200785	890724/159	1989-07-24	36	M	Nashik	South	20	Business	HDFC Bank	1842	ABS_CORE	ABS_2026_04_25
200786	960214/564	1996-02-14	29	M	Mumbai	North	10	Business	HDFC Bank	1800	ABS_CORE	ABS_2026_04_25
200787	996002/782	1999-10-02	26	F	Nashik	North	10	Business	HDFC Bank	1465	ABS_CORE	ABS_2026_04_25
200788	011124/222	2001-11-24	24	M	Pune	South	20	Employee	HDFC Bank	1340	ABS_CORE	ABS_2026_04_25
200789	801205/267	1980-12-05	45	M	Mumbai	West	40	Business	HDFC Bank	1058	ABS_CORE	ABS_2026_04_25
200790	945617/270	1994-06-17	31	F	Mumbai	North	10	Individual	HDFC Bank	1862	ABS_CORE	ABS_2026_04_25
200791	775324/850	1977-03-24	48	F	Mumbai	East	30	Individual	HDFC Bank	1537	ABS_CORE	ABS_2026_04_25
200792	560225/443	1956-02-25	69	M	Solapur	South	20	Employee	HDFC Bank	1477	ABS_CORE	ABS_2026_04_25
200793	890709/369	1989-07-09	36	M	Nagpur	North	10	Individual	HDFC Bank	1102	ABS_CORE	ABS_2026_04_25
200794	621021/608	1962-10-21	63	M	Solapur	North	10	Individual	HDFC Bank	1532	ABS_CORE	ABS_2026_04_25
200795	780912/611	1978-09-12	47	M	Solapur	North	10	Employee	HDFC Bank	1944	ABS_CORE	ABS_2026_04_25
200796	926006/261	1992-10-06	33	F	Solapur	South	20	Business	HDFC Bank	1591	ABS_CORE	ABS_2026_04_25
200797	550219/333	1955-02-19	70	M	Nagpur	East	30	Employee	HDFC Bank	1838	ABS_CORE	ABS_2026_04_25
200798	030901/979	2003-09-01	22	M	Solapur	North	10	Business	HDFC Bank	1981	ABS_CORE	ABS_2026_04_25
200799	520108/583	1952-01-08	73	M	Nashik	North	10	Business	HDFC Bank	1710	ABS_CORE	ABS_2026_04_25
200800	960705/978	1996-07-05	29	M	Mumbai	West	40	Individual	HDFC Bank	1321	ABS_CORE	ABS_2026_04_25
200801	835926/329	1983-09-26	42	F	Mumbai	South	20	Employee	HDFC Bank	1548	ABS_CORE	ABS_2026_04_25
200802	565414/377	1956-04-14	69	F	Pune	South	20	Individual	HDFC Bank	1013	ABS_CORE	ABS_2026_04_25
200803	495219/222	1949-02-19	76	F	Kolhapur	North	10	Individual	HDFC Bank	1455	ABS_CORE	ABS_2026_04_25
200804	871102/328	1987-11-02	38	M	Nashik	West	40	Business	HDFC Bank	1220	ABS_CORE	ABS_2026_04_25
200805	725902/170	1972-09-02	53	F	Nagpur	North	10	Individual	HDFC Bank	1875	ABS_CORE	ABS_2026_04_25
200806	555828/892	1955-08-28	70	F	Kolhapur	North	10	Employee	HDFC Bank	1390	ABS_CORE	ABS_2026_04_25
200807	850511/666	1985-05-11	40	M	Unknown	South	20	Individual	HDFC Bank	1677	ABS_CORE	ABS_2026_04_25
200808	920112/398	1992-01-12	33	M	Solapur	West	40	Individual	HDFC Bank	1172	ABS_CORE	ABS_2026_04_25
200809	510524/575	1951-05-24	74	M	Pune	North	10	Business	HDFC Bank	1661	ABS_CORE	ABS_2026_04_25
200810	691016/850	1969-10-16	56	M	Pune	South	20	Employee	HDFC Bank	1683	ABS_CORE	ABS_2026_04_25
200811	630925/254	1963-09-25	62	M	Mumbai	North	10	Individual	HDFC Bank	1080	ABS_CORE	ABS_2026_04_25
200812	550701/654	1955-07-01	70	M	Nashik	North	10	Business	HDFC Bank	1335	ABS_CORE	ABS_2026_04_25
200813	661127/443	1966-11-27	59	M	Kolhapur	West	40	Individual	HDFC Bank	1224	ABS_CORE	ABS_2026_04_25
200814	506113/206	1950-11-13	75	F	Pune	West	40	Employee	HDFC Bank	1870	ABS_CORE	ABS_2026_04_25
200815	695908/603	1969-09-08	56	F	Mumbai	West	40	Individual	HDFC Bank	1034	ABS_CORE	ABS_2026_04_25
200816	945323/195	1994-03-23	31	F	Nashik	North	10	Individual	HDFC Bank	1869	ABS_CORE	ABS_2026_04_25
200817	775428/817	1977-04-28	48	F	Mumbai	East	30	Business	HDFC Bank	1187	ABS_CORE	ABS_2026_04_25
200818	500615/694	1950-06-15	75	M	Mumbai	West	40	Individual	HDFC Bank	1223	ABS_CORE	ABS_2026_04_25
200819	035905/176	2003-09-05	22	F	Nashik	East	30	Business	HDFC Bank	1642	ABS_CORE	ABS_2026_04_25
200820	736002/778	1973-10-02	52	F	Nashik	East	30	Employee	HDFC Bank	1885	ABS_CORE	ABS_2026_04_25
200821	855410/971	1985-04-10	40	F	Nashik	East	30	Individual	HDFC Bank	1962	ABS_CORE	ABS_2026_04_25
200822	795723/425	1979-07-23	46	F	Mumbai	South	20	Employee	HDFC Bank	1967	ABS_CORE	ABS_2026_04_25
200823	650508/307	1965-05-08	60	M	Pune	North	10	Employee	HDFC Bank	1493	ABS_CORE	ABS_2026_04_25
200824	971004/208	1997-10-04	28	M	Nagpur	West	40	Individual	HDFC Bank	1862	ABS_CORE	ABS_2026_04_25
200825	905815/516	1990-08-15	35	F	Nagpur	North	10	Business	HDFC Bank	1310	ABS_CORE	ABS_2026_04_25
200826	610912/562	1961-09-12	64	M	Mumbai	North	10	Employee	HDFC Bank	1520	ABS_CORE	ABS_2026_04_25
200827	960809/192	1996-08-09	29	M	Mumbai	South	20	Employee	HDFC Bank	1580	ABS_CORE	ABS_2026_04_25
200828	991110/320	1999-11-10	26	M	Pune	South	20	Individual	HDFC Bank	1539	ABS_CORE	ABS_2026_04_25
200829	980605/828	1998-06-05	27	M	Nashik	South	20	Individual	HDFC Bank	1910	ABS_CORE	ABS_2026_04_25
200830	500613/793	1950-06-13	75	M	Mumbai	North	10	Individual	HDFC Bank	1368	ABS_CORE	ABS_2026_04_25
200831	880527/131	1988-05-27	37	M	Solapur	East	30	Individual	HDFC Bank	1474	ABS_CORE	ABS_2026_04_25
200832	910818/196	1991-08-18	34	M	Unknown	North	10	Individual	HDFC Bank	1745	ABS_CORE	ABS_2026_04_25
200833	470226/224	1947-02-26	78	M	Mumbai	South	20	Individual	HDFC Bank	1030	ABS_CORE	ABS_2026_04_25
200834	700127/233	1970-01-27	55	M	Solapur	North	10	Business	HDFC Bank	1826	ABS_CORE	ABS_2026_04_25
200835	010712/696	2001-07-12	24	M	Kolhapur	South	20	Employee	HDFC Bank	1231	ABS_CORE	ABS_2026_04_25
200836	620527/122	1962-05-27	63	M	Pune	South	20	Business	HDFC Bank	1849	ABS_CORE	ABS_2026_04_25
200837	955421/928	1995-04-21	30	F	Solapur	West	40	Business	HDFC Bank	1997	ABS_CORE	ABS_2026_04_25
200838	685228/225	1968-02-28	57	F	Mumbai	East	30	Individual	HDFC Bank	1496	ABS_CORE	ABS_2026_04_25
200839	660802/687	1966-08-02	59	M	Nagpur	South	20	Employee	HDFC Bank	1565	ABS_CORE	ABS_2026_04_25
200840	996213/130	1999-12-13	26	F	Mumbai	West	40	Business	HDFC Bank	1963	ABS_CORE	ABS_2026_04_25
200841	581114/462	1958-11-14	67	M	Nagpur	East	30	Individual	HDFC Bank	1980	ABS_CORE	ABS_2026_04_25
200842	815309/556	1981-03-09	44	F	Pune	South	20	Individual	HDFC Bank	1174	ABS_CORE	ABS_2026_04_25
200843	500302/762	1950-03-02	75	M	Pune	East	30	Employee	HDFC Bank	1297	ABS_CORE	ABS_2026_04_25
200844	065814/162	2006-08-14	19	F	Nashik	East	30	Business	HDFC Bank	1790	ABS_CORE	ABS_2026_04_25
200845	030513/529	2003-05-13	22	M	Nashik	North	10	Business	HDFC Bank	1364	ABS_CORE	ABS_2026_04_25
200846	791126/745	1979-11-26	46	M	Nagpur	West	40	Business	HDFC Bank	1085	ABS_CORE	ABS_2026_04_25
200847	710926/491	1971-09-26	54	M	Nagpur	East	30	Individual	HDFC Bank	1576	ABS_CORE	ABS_2026_04_25
200848	706212/657	1970-12-12	55	F	Pune	North	10	Unknown	HDFC Bank	1088	ABS_CORE	ABS_2026_04_25
200849	895812/497	1989-08-12	36	F	Solapur	East	30	Employee	HDFC Bank	1053	ABS_CORE	ABS_2026_04_25
200850	905301/711	1990-03-01	35	F	Nagpur	North	10	Business	HDFC Bank	1629	ABS_CORE	ABS_2026_04_25
200851	605126/159	1960-01-26	65	F	Nagpur	South	20	Individual	HDFC Bank	1360	ABS_CORE	ABS_2026_04_25
200852	565817/885	1956-08-17	69	F	Solapur	South	20	Business	HDFC Bank	1475	ABS_CORE	ABS_2026_04_25
200853	070406/353	2007-04-06	18	M	Nashik	North	10	Employee	HDFC Bank	1228	ABS_CORE	ABS_2026_04_25
200854	860409/882	1986-04-09	39	M	Nashik	South	20	Individual	HDFC Bank	1778	ABS_CORE	ABS_2026_04_25
200855	566028/463	1956-10-28	69	F	Nagpur	South	20	Unknown	HDFC Bank	1830	ABS_CORE	ABS_2026_04_25
200856	910306/706	1991-03-06	34	M	Nashik	South	20	Unknown	HDFC Bank	1533	ABS_CORE	ABS_2026_04_25
200857	016223/705	2001-12-23	24	F	Nashik	East	30	Individual	HDFC Bank	1949	ABS_CORE	ABS_2026_04_25
200858	066223/681	2006-12-23	19	F	Unknown	North	10	Employee	HDFC Bank	1758	ABS_CORE	ABS_2026_04_25
200859	630319/956	1963-03-19	62	M	Nashik	West	40	Individual	HDFC Bank	1984	ABS_CORE	ABS_2026_04_25
200860	045818/279	2004-08-18	21	F	Pune	West	40	Business	HDFC Bank	1372	ABS_CORE	ABS_2026_04_25
200861	720103/338	1972-01-03	53	M	Mumbai	North	10	Business	HDFC Bank	1468	ABS_CORE	ABS_2026_04_25
200862	025401/100	2002-04-01	23	F	Nagpur	East	30	Business	HDFC Bank	1419	ABS_CORE	ABS_2026_04_25
200863	481007/448	1948-10-07	77	M	Nagpur	South	20	Business	HDFC Bank	1825	ABS_CORE	ABS_2026_04_25
200864	775326/160	1977-03-26	48	F	Pune	South	20	Employee	HDFC Bank	1531	ABS_CORE	ABS_2026_04_25
200865	890319/892	1989-03-19	36	M	Unknown	East	30	Unknown	HDFC Bank	1399	ABS_CORE	ABS_2026_04_25
200866	475928/174	1947-09-28	78	F	Mumbai	West	40	Business	HDFC Bank	1987	ABS_CORE	ABS_2026_04_25
200867	646222/700	1964-12-22	61	F	Pune	North	10	Employee	HDFC Bank	1183	ABS_CORE	ABS_2026_04_25
200868	545610/239	1954-06-10	71	F	Unknown	North	10	Employee	HDFC Bank	1860	ABS_CORE	ABS_2026_04_25
200869	696214/764	1969-12-14	56	F	Solapur	East	30	Unknown	HDFC Bank	1561	ABS_CORE	ABS_2026_04_25
200870	815323/328	1981-03-23	44	F	Mumbai	South	20	Business	HDFC Bank	1089	ABS_CORE	ABS_2026_04_25
200871	651027/487	1965-10-27	60	M	Solapur	South	20	Individual	HDFC Bank	1615	ABS_CORE	ABS_2026_04_25
200872	826223/230	1982-12-23	43	F	Solapur	South	20	Individual	HDFC Bank	1705	ABS_CORE	ABS_2026_04_25
200873	896201/971	1989-12-01	36	F	Solapur	North	10	Individual	HDFC Bank	1382	ABS_CORE	ABS_2026_04_25
200874	691002/716	1969-10-02	56	M	Mumbai	West	40	Business	HDFC Bank	1368	ABS_CORE	ABS_2026_04_25
200875	461008/608	1946-10-08	79	M	Solapur	North	10	Employee	HDFC Bank	1073	ABS_CORE	ABS_2026_04_25
200876	050624/343	2005-06-24	20	M	Nagpur	East	30	Employee	HDFC Bank	1268	ABS_CORE	ABS_2026_04_25
200877	630606/941	1963-06-06	62	M	Kolhapur	North	10	Business	HDFC Bank	1014	ABS_CORE	ABS_2026_04_25
200878	956121/557	1995-11-21	30	F	Mumbai	East	30	Business	HDFC Bank	1328	ABS_CORE	ABS_2026_04_25
200879	070507/809	2007-05-07	18	M	Unknown	North	10	Individual	HDFC Bank	1794	ABS_CORE	ABS_2026_04_25
200880	800609/837	1980-06-09	45	M	Solapur	West	40	Individual	HDFC Bank	1391	ABS_CORE	ABS_2026_04_25
200881	465113/850	1946-01-13	79	F	Nashik	East	30	Unknown	HDFC Bank	1709	ABS_CORE	ABS_2026_04_25
200882	505314/487	1950-03-14	75	F	Mumbai	South	20	Individual	HDFC Bank	1995	ABS_CORE	ABS_2026_04_25
200883	880913/948	1988-09-13	37	M	Pune	South	20	Employee	HDFC Bank	1433	ABS_CORE	ABS_2026_04_25
200884	801021/266	1980-10-21	45	M	Kolhapur	North	10	Business	HDFC Bank	1343	ABS_CORE	ABS_2026_04_25
200885	000226/401	2000-02-26	25	M	Nagpur	North	10	Business	HDFC Bank	1194	ABS_CORE	ABS_2026_04_25
200886	470609/175	1947-06-09	78	M	Pune	West	40	Employee	HDFC Bank	1921	ABS_CORE	ABS_2026_04_25
200887	670313/849	1967-03-13	58	M	Solapur	West	40	Employee	HDFC Bank	1035	ABS_CORE	ABS_2026_04_25
200888	695903/708	1969-09-03	56	F	Nashik	South	20	Employee	HDFC Bank	1916	ABS_CORE	ABS_2026_04_25
200889	070823/541	2007-08-23	18	M	Solapur	North	10	Individual	HDFC Bank	1204	ABS_CORE	ABS_2026_04_25
200890	055320/260	2005-03-20	20	F	Pune	East	30	Business	HDFC Bank	1819	ABS_CORE	ABS_2026_04_25
200891	950211/294	1995-02-11	30	M	Mumbai	West	40	Individual	HDFC Bank	1650	ABS_CORE	ABS_2026_04_25
200892	806218/776	1980-12-18	45	F	Nashik	East	30	Employee	HDFC Bank	1775	ABS_CORE	ABS_2026_04_25
200893	460508/150	1946-05-08	79	M	Nashik	East	30	Individual	HDFC Bank	1056	ABS_CORE	ABS_2026_04_25
200894	516018/257	1951-10-18	74	F	Pune	West	40	Employee	HDFC Bank	1109	ABS_CORE	ABS_2026_04_25
200895	485601/189	1948-06-01	77	F	Kolhapur	North	10	Individual	HDFC Bank	1685	ABS_CORE	ABS_2026_04_25
200896	596121/304	1959-11-21	66	F	Kolhapur	East	30	Individual	HDFC Bank	1495	ABS_CORE	ABS_2026_04_25
200897	830107/753	1983-01-07	42	M	Solapur	North	10	Employee	HDFC Bank	1717	ABS_CORE	ABS_2026_04_25
200898	520216/415	1952-02-16	73	M	Pune	East	30	Individual	HDFC Bank	1224	ABS_CORE	ABS_2026_04_25
200899	755716/776	1975-07-16	50	F	Nashik	North	10	Business	HDFC Bank	1385	ABS_CORE	ABS_2026_04_25
200900	705221/289	1970-02-21	55	F	Pune	North	10	Individual	HDFC Bank	1063	ABS_CORE	ABS_2026_04_25
200901	550712/556	1955-07-12	70	M	Nashik	North	10	Individual	HDFC Bank	1763	ABS_CORE	ABS_2026_04_25
200902	025515/369	2002-05-15	23	F	Solapur	North	10	Unknown	HDFC Bank	1947	ABS_CORE	ABS_2026_04_25
200903	500519/254	1950-05-19	75	M	Mumbai	West	40	Employee	HDFC Bank	1960	ABS_CORE	ABS_2026_04_25
200904	641222/187	1964-12-22	61	M	Mumbai	East	30	Business	HDFC Bank	1778	ABS_CORE	ABS_2026_04_25
200905	635626/874	1963-06-26	62	F	Pune	North	10	Individual	HDFC Bank	1901	ABS_CORE	ABS_2026_04_25
200906	760418/960	1976-04-18	49	M	Nashik	South	20	Employee	HDFC Bank	1351	ABS_CORE	ABS_2026_04_25
200907	635914/686	1963-09-14	62	F	Mumbai	East	30	Individual	HDFC Bank	1462	ABS_CORE	ABS_2026_04_25
200908	475416/180	1947-04-16	78	F	Nashik	East	30	Individual	HDFC Bank	1843	ABS_CORE	ABS_2026_04_25
200909	611202/223	1961-12-02	64	M	Solapur	North	10	Business	HDFC Bank	1319	ABS_CORE	ABS_2026_04_25
200910	870806/316	1987-08-06	38	M	Pune	East	30	Business	HDFC Bank	1356	ABS_CORE	ABS_2026_04_25
200911	920405/533	1992-04-05	33	M	Nashik	South	20	Employee	HDFC Bank	1092	ABS_CORE	ABS_2026_04_25
200912	541114/942	1954-11-14	71	M	Pune	South	20	Employee	HDFC Bank	1694	ABS_CORE	ABS_2026_04_25
200913	875327/427	1987-03-27	38	F	Nashik	South	20	Employee	HDFC Bank	1299	ABS_CORE	ABS_2026_04_25
200914	975203/669	1997-02-03	28	F	Kolhapur	East	30	Individual	HDFC Bank	1725	ABS_CORE	ABS_2026_04_25
200915	485911/632	1948-09-11	77	F	Kolhapur	East	30	Business	HDFC Bank	1493	ABS_CORE	ABS_2026_04_25
200916	715126/215	1971-01-26	54	F	Nashik	North	10	Business	HDFC Bank	1653	ABS_CORE	ABS_2026_04_25
200917	720305/208	1972-03-05	53	M	Solapur	East	30	Business	HDFC Bank	1594	ABS_CORE	ABS_2026_04_25
200918	735226/988	1973-02-26	52	F	Pune	East	30	Employee	HDFC Bank	1388	ABS_CORE	ABS_2026_04_25
200919	895614/492	1989-06-14	36	F	Nagpur	North	10	Unknown	HDFC Bank	1610	ABS_CORE	ABS_2026_04_25
200920	885819/138	1988-08-19	37	F	Nashik	South	20	Unknown	HDFC Bank	1792	ABS_CORE	ABS_2026_04_25
200921	510513/733	1951-05-13	74	M	Nashik	North	10	Business	HDFC Bank	1433	ABS_CORE	ABS_2026_04_25
200922	906123/139	1990-11-23	35	F	Kolhapur	West	40	Employee	HDFC Bank	1101	ABS_CORE	ABS_2026_04_25
200923	610623/150	1961-06-23	64	M	Mumbai	East	30	Business	HDFC Bank	1840	ABS_CORE	ABS_2026_04_25
200924	675809/120	1967-08-09	58	F	Kolhapur	East	30	Employee	HDFC Bank	1377	ABS_CORE	ABS_2026_04_25
200925	595510/963	1959-05-10	66	F	Pune	West	40	Business	HDFC Bank	1582	ABS_CORE	ABS_2026_04_25
200926	941222/989	1994-12-22	31	M	Kolhapur	West	40	Business	HDFC Bank	1884	ABS_CORE	ABS_2026_04_25
200927	935310/892	1993-03-10	32	F	Nagpur	West	40	Business	HDFC Bank	1337	ABS_CORE	ABS_2026_04_25
200928	775609/719	1977-06-09	48	F	Solapur	North	10	Unknown	HDFC Bank	1897	ABS_CORE	ABS_2026_04_25
200929	075207/316	2007-02-07	18	F	Nagpur	South	20	Unknown	HDFC Bank	1883	ABS_CORE	ABS_2026_04_25
200930	555724/877	1955-07-24	70	F	Solapur	North	10	Business	HDFC Bank	1777	ABS_CORE	ABS_2026_04_25
200931	540627/627	1954-06-27	71	M	Nagpur	West	40	Individual	HDFC Bank	1491	ABS_CORE	ABS_2026_04_25
200932	545303/826	1954-03-03	71	F	Kolhapur	North	10	Employee	HDFC Bank	1641	ABS_CORE	ABS_2026_04_25
200933	050705/277	2005-07-05	20	M	Nagpur	East	30	Employee	HDFC Bank	1059	ABS_CORE	ABS_2026_04_25
200934	920427/355	1992-04-27	33	M	Kolhapur	North	10	Business	HDFC Bank	1812	ABS_CORE	ABS_2026_04_25
200935	855802/821	1985-08-02	40	F	Kolhapur	West	40	Individual	HDFC Bank	1508	ABS_CORE	ABS_2026_04_25
200936	515512/617	1951-05-12	74	F	Pune	East	30	Unknown	HDFC Bank	1391	ABS_CORE	ABS_2026_04_25
200937	971104/347	1997-11-04	28	M	Unknown	South	20	Unknown	HDFC Bank	1953	ABS_CORE	ABS_2026_04_25
200938	965820/281	1996-08-20	29	F	Mumbai	North	10	Employee	HDFC Bank	1118	ABS_CORE	ABS_2026_04_25
200939	985819/452	1998-08-19	27	F	Nagpur	North	10	Business	HDFC Bank	1774	ABS_CORE	ABS_2026_04_25
200940	760524/391	1976-05-24	49	M	Nashik	West	40	Business	HDFC Bank	1994	ABS_CORE	ABS_2026_04_25
200941	920702/974	1992-07-02	33	M	Nashik	South	20	Individual	HDFC Bank	1470	ABS_CORE	ABS_2026_04_25
200942	000428/762	2000-04-28	25	M	Nashik	East	30	Unknown	HDFC Bank	1327	ABS_CORE	ABS_2026_04_25
200943	706107/767	1970-11-07	55	F	Mumbai	West	40	Employee	HDFC Bank	1020	ABS_CORE	ABS_2026_04_25
200944	960901/585	1996-09-01	29	M	Kolhapur	West	40	Individual	HDFC Bank	1096	ABS_CORE	ABS_2026_04_25
200945	841106/329	1984-11-06	41	M	Nagpur	North	10	Individual	HDFC Bank	1814	ABS_CORE	ABS_2026_04_25
200946	806026/829	1980-10-26	45	F	Solapur	South	20	Employee	HDFC Bank	1512	ABS_CORE	ABS_2026_04_25
200947	556109/485	1955-11-09	70	F	Solapur	West	40	Employee	HDFC Bank	1907	ABS_CORE	ABS_2026_04_25
200948	005615/323	2000-06-15	25	F	Pune	North	10	Employee	HDFC Bank	1714	ABS_CORE	ABS_2026_04_25
200949	505522/698	1950-05-22	75	F	Mumbai	East	30	Employee	HDFC Bank	1943	ABS_CORE	ABS_2026_04_25
200950	805117/674	1980-01-17	45	F	Nagpur	West	40	Business	HDFC Bank	1639	ABS_CORE	ABS_2026_04_25
200951	726020/405	1972-10-20	53	F	Kolhapur	East	30	Employee	HDFC Bank	1349	ABS_CORE	ABS_2026_04_25
200952	820216/444	1982-02-16	43	M	Nashik	East	30	Employee	HDFC Bank	1131	ABS_CORE	ABS_2026_04_25
200953	006111/367	2000-11-11	25	F	Mumbai	North	10	Employee	HDFC Bank	1545	ABS_CORE	ABS_2026_04_25
200954	506221/292	1950-12-21	75	F	Mumbai	South	20	Individual	HDFC Bank	1598	ABS_CORE	ABS_2026_04_25
200955	480925/158	1948-09-25	77	M	Nagpur	East	30	Employee	HDFC Bank	1031	ABS_CORE	ABS_2026_04_25
200956	586013/797	1958-10-13	67	F	Kolhapur	West	40	Business	HDFC Bank	1258	ABS_CORE	ABS_2026_04_25
200957	806201/402	1980-12-01	45	F	Pune	South	20	Business	HDFC Bank	1475	ABS_CORE	ABS_2026_04_25
200958	805713/854	1980-07-13	45	F	Kolhapur	South	20	Employee	HDFC Bank	1835	ABS_CORE	ABS_2026_04_25
200959	711023/451	1971-10-23	54	M	Pune	North	10	Business	HDFC Bank	1824	ABS_CORE	ABS_2026_04_25
200960	676208/787	1967-12-08	58	F	Pune	West	40	Individual	HDFC Bank	1881	ABS_CORE	ABS_2026_04_25
200961	720910/960	1972-09-10	53	M	Nashik	West	40	Employee	HDFC Bank	1971	ABS_CORE	ABS_2026_04_25
200962	815906/199	1981-09-06	44	F	Nashik	North	10	Business	HDFC Bank	1919	ABS_CORE	ABS_2026_04_25
200963	545324/842	1954-03-24	71	F	Nagpur	North	10	Business	HDFC Bank	1032	ABS_CORE	ABS_2026_04_25
200964	910925/796	1991-09-25	34	M	Kolhapur	South	20	Employee	HDFC Bank	1898	ABS_CORE	ABS_2026_04_25
200965	990621/327	1999-06-21	26	M	Pune	East	30	Business	HDFC Bank	1387	ABS_CORE	ABS_2026_04_25
200966	755424/530	1975-04-24	50	F	Nagpur	East	30	Employee	HDFC Bank	1797	ABS_CORE	ABS_2026_04_25
200967	555612/699	1955-06-12	70	F	Unknown	East	30	Business	HDFC Bank	1837	ABS_CORE	ABS_2026_04_25
200968	880828/581	1988-08-28	37	M	Mumbai	East	30	Individual	HDFC Bank	1560	ABS_CORE	ABS_2026_04_25
200969	951119/583	1995-11-19	30	M	Solapur	West	40	Business	HDFC Bank	1797	ABS_CORE	ABS_2026_04_25
200970	800417/988	1980-04-17	45	M	Solapur	West	40	Business	HDFC Bank	1455	ABS_CORE	ABS_2026_04_25
200971	605717/523	1960-07-17	65	F	Pune	North	10	Employee	HDFC Bank	1593	ABS_CORE	ABS_2026_04_25
200972	790305/450	1979-03-05	46	M	Nagpur	North	10	Business	HDFC Bank	1143	ABS_CORE	ABS_2026_04_25
200973	951015/423	1995-10-15	30	M	Nashik	East	30	Employee	HDFC Bank	1948	ABS_CORE	ABS_2026_04_25
200974	521206/599	1952-12-06	73	M	Kolhapur	North	10	Individual	HDFC Bank	1901	ABS_CORE	ABS_2026_04_25
200975	736106/749	1973-11-06	52	F	Pune	West	40	Employee	HDFC Bank	1791	ABS_CORE	ABS_2026_04_25
200976	045115/314	2004-01-15	21	F	Pune	East	30	Employee	HDFC Bank	1882	ABS_CORE	ABS_2026_04_25
200977	020319/601	2002-03-19	23	M	Kolhapur	East	30	Business	HDFC Bank	1603	ABS_CORE	ABS_2026_04_25
200978	905205/748	1990-02-05	35	F	Nashik	West	40	Individual	HDFC Bank	1223	ABS_CORE	ABS_2026_04_25
200979	575714/492	1957-07-14	68	F	Pune	South	20	Employee	HDFC Bank	1216	ABS_CORE	ABS_2026_04_25
200980	030118/848	2003-01-18	22	M	Mumbai	East	30	Business	HDFC Bank	1155	ABS_CORE	ABS_2026_04_25
200981	610111/118	1961-01-11	64	M	Nashik	North	10	Business	HDFC Bank	1788	ABS_CORE	ABS_2026_04_25
200982	830121/331	1983-01-21	42	M	Mumbai	South	20	Employee	HDFC Bank	1519	ABS_CORE	ABS_2026_04_25
200983	630610/205	1963-06-10	62	M	Solapur	West	40	Business	HDFC Bank	1035	ABS_CORE	ABS_2026_04_25
200984	985919/271	1998-09-19	27	F	Kolhapur	South	20	Employee	HDFC Bank	1635	ABS_CORE	ABS_2026_04_25
200985	525110/566	1952-01-10	73	F	Nashik	South	20	Employee	HDFC Bank	1008	ABS_CORE	ABS_2026_04_25
200986	615920/544	1961-09-20	64	F	Nashik	East	30	Employee	HDFC Bank	1039	ABS_CORE	ABS_2026_04_25
200987	586105/601	1958-11-05	67	F	Nagpur	South	20	Individual	HDFC Bank	1468	ABS_CORE	ABS_2026_04_25
200988	495406/119	1949-04-06	76	F	Nagpur	North	10	Employee	HDFC Bank	1178	ABS_CORE	ABS_2026_04_25
200989	630424/316	1963-04-24	62	M	Kolhapur	East	30	Business	HDFC Bank	1640	ABS_CORE	ABS_2026_04_25
200990	030119/226	2003-01-19	22	M	Unknown	West	40	Individual	HDFC Bank	1958	ABS_CORE	ABS_2026_04_25
200991	531221/484	1953-12-21	72	M	Solapur	North	10	Business	HDFC Bank	1500	ABS_CORE	ABS_2026_04_25
200992	521109/708	1952-11-09	73	M	Pune	East	30	Individual	HDFC Bank	1372	ABS_CORE	ABS_2026_04_25
200993	751104/149	1975-11-04	50	M	Kolhapur	South	20	Individual	HDFC Bank	1067	ABS_CORE	ABS_2026_04_25
200994	545214/489	1954-02-14	71	F	Kolhapur	North	10	Individual	HDFC Bank	1969	ABS_CORE	ABS_2026_04_25
200995	075909/818	2007-09-09	18	F	Nagpur	East	30	Individual	HDFC Bank	1665	ABS_CORE	ABS_2026_04_25
200996	900423/408	1990-04-23	35	M	Unknown	East	30	Business	HDFC Bank	1423	ABS_CORE	ABS_2026_04_25
200997	766104/737	1976-11-04	49	F	Kolhapur	West	40	Employee	HDFC Bank	1514	ABS_CORE	ABS_2026_04_25
200998	616205/950	1961-12-05	64	F	Solapur	East	30	Business	HDFC Bank	1363	ABS_CORE	ABS_2026_04_25
200999	590217/389	1959-02-17	66	M	Unknown	West	40	Employee	HDFC Bank	1889	ABS_CORE	ABS_2026_04_25
